score,original_distance,actual_class
38.69224583866759,4.375157716890615,Unsafe Query
96.79688841412492,7.6443623980561775,Unsafe Query
29.533652752060547,3.8598578361152858,Unsafe Query
55.100058851723055,5.298328340310425,Unsafe Query
70.93950133416233,6.18952011458898,Unsafe Query
32.46343765503995,4.0246995096044555,Unsafe Query
27.740845613195425,3.758987178780229,Unsafe Query
26.515042439548754,3.6900184820316158,Unsafe Query
67.51620761045442,5.9969116177375135,Unsafe Query
56.594339991364485,5.382402704770186,Unsafe Query
47.52345223360523,4.872037484271959,Unsafe Query
7.396740262675977,2.6143446597307083,Unsafe Query
117.64133963618978,8.817156420891887,Unsafe Query
42.70213004942613,4.600770192102378,Unsafe Query
25.354246406678776,3.6247073527254035,Unsafe Query
35.55731378956336,4.198773626466894,Unsafe Query
63.87854401777145,5.792241795868102,Unsafe Query
32.15312336730584,4.007239959435544,Unsafe Query
76.39467997205574,6.496450761592537,Unsafe Query
49.00360155258485,4.955316734740597,Unsafe Query
27.315231904568822,3.7350404119310334,Unsafe Query
60.33582049243611,5.5929136902341865,Unsafe Query
42.43281631106227,4.5856175004217095,Unsafe Query
49.34559317778767,4.974558581389607,Unsafe Query
55.01292012733402,5.2934255595160415,Unsafe Query
17.342859652860344,3.1739539891848163,Unsafe Query
33.119158407249316,4.061593039237245,Unsafe Query
51.949238814839546,5.121050326755606,Unsafe Query
5.686699647404988,2.51813078530291,Unsafe Query
34.49546675046632,4.139029771982465,Unsafe Query
35.80694800151244,4.212819067555756,Unsafe Query
61.248555753755305,5.644267906639434,Unsafe Query
87.34651157107636,7.112645570541904,Unsafe Query
69.16506199722897,6.089682904864931,Unsafe Query
99.94966874575901,7.8217507058059335,Unsafe Query
41.95308423468831,4.558625813006194,Unsafe Query
23.997886542593186,3.548393002951111,Unsafe Query
73.14114154667473,6.313393391662164,Unsafe Query
58.36372842508175,5.481955730034849,Unsafe Query
75.92859134909332,6.470226710630552,Unsafe Query
51.77678456005012,5.111347345512543,Unsafe Query
39.4347366499903,4.416933284702539,Unsafe Query
53.218225081835726,5.192448680837402,Unsafe Query
103.33095959008548,8.011995948985927,Unsafe Query
45.05946539123172,4.733403513518987,Unsafe Query
32.85113680546351,4.04651304844178,Unsafe Query
133.6207661655074,9.716224269801637,Unsafe Query
60.024107586271946,5.575375448075856,Unsafe Query
49.03432876987072,4.957045573575802,Unsafe Query
47.541297389663434,4.873041525689921,Unsafe Query
16.307568921392956,3.115704301110664,Unsafe Query
41.83319135312363,4.551880149453739,Unsafe Query
39.02620052737836,4.393947372643383,Unsafe Query
25.546883037478153,3.635545876933782,Unsafe Query
48.33175429946168,4.917515862252893,Unsafe Query
74.90957165269322,6.41289249749354,Unsafe Query
51.32664008768988,5.086020377631624,Unsafe Query
74.1622788881647,6.370846752167337,Unsafe Query
42.01720965490841,4.562233771246244,Unsafe Query
51.161387797407606,5.076722608348171,Unsafe Query
49.937277237909896,5.0078491449897635,Unsafe Query
47.36078685908768,4.862885265442875,Unsafe Query
35.75889360432273,4.210115330758147,Unsafe Query
51.56043029276574,5.099174370134927,Unsafe Query
52.81059490775133,5.16951374114527,Unsafe Query
53.32524008550978,5.1984697823442545,Unsafe Query
41.06476196847112,4.508645171488101,Unsafe Query
58.133698315617565,5.4690132958792175,Unsafe Query
51.209807874253876,5.079446919777893,Unsafe Query
51.71069841435867,5.107629068843444,Unsafe Query
57.50453274236664,5.4336138691530484,Unsafe Query
86.94993157608403,7.0903323590906515,Unsafe Query
49.73461718489064,4.996446662078774,Unsafe Query
61.57097507922054,5.662408535707762,Unsafe Query
55.013336526465,5.29344898783309,Unsafe Query
56.17178535259728,5.358628053694551,Unsafe Query
61.581969836029735,5.663027145664484,Unsafe Query
8.862161915196577,2.6967952714882837,Unsafe Query
17.593593070246108,3.188061276064306,Unsafe Query
46.59421528152098,4.8197548152972605,Unsafe Query
88.45492979090824,7.17500971000387,Unsafe Query
38.30242453370992,4.353224776965364,Unsafe Query
59.83676529212121,5.564834804886759,Unsafe Query
29.401778706291758,3.85243806329435,Unsafe Query
23.64466567001694,3.528519352947808,Unsafe Query
65.39668484624809,5.8776586039429315,Unsafe Query
45.30451251966824,4.747190866540745,Unsafe Query
32.23867741751118,4.0120535799833466,Unsafe Query
39.61707702657914,4.427192499565372,Unsafe Query
26.261361647398022,3.675745363801107,Unsafe Query
52.51183241440398,5.1527041421439606,Unsafe Query
37.95943485955416,4.333926776002958,Unsafe Query
59.60635280141248,5.551870856399411,Unsafe Query
33.98809247357655,4.110482821384552,Unsafe Query
50.88799896277868,5.061340635095576,Unsafe Query
50.05383433958295,5.014407123931253,Unsafe Query
51.24899209087069,5.081651583961571,Unsafe Query
50.88118727681908,5.060957381802229,Unsafe Query
20.09571390127622,3.328840820883339,Unsafe Query
44.64043198848493,4.7098269815741345,Unsafe Query
17.584771006280093,3.1875649106873434,Unsafe Query
58.211166720995244,5.473371985000732,Unsafe Query
50.694217259056664,5.050437684404337,Unsafe Query
62.121960133609534,5.693409206897186,Unsafe Query
45.011339190257516,4.730695736746981,Unsafe Query
39.492778318066364,4.4201989461809745,Unsafe Query
67.12925851066382,5.975140279814465,Unsafe Query
66.58522157109738,5.94453053796384,Unsafe Query
60.09275802942946,5.579238002601395,Unsafe Query
63.30686153809621,5.760076602935927,Unsafe Query
49.629393204480685,4.990526330861171,Unsafe Query
112.760858917783,8.542560627789237,Unsafe Query
104.66735611291678,8.087187079585512,Unsafe Query
39.75489799364077,4.434946870484968,Unsafe Query
23.004030782780305,3.49247461573852,Unsafe Query
41.38779305355828,4.526820220653192,Unsafe Query
76.95615849277135,6.528041838087219,Unsafe Query
52.415777367462624,5.147299692599288,Unsafe Query
14.801244014891912,3.0309523051011484,Unsafe Query
33.159347224357425,4.063854226350645,Unsafe Query
21.30289330481977,3.3967616682054116,Unsafe Query
41.399411093346394,4.527473899057838,Unsafe Query
71.44474970072034,6.217947452782441,Unsafe Query
35.530467110687816,4.197263122583496,Unsafe Query
48.93807944643575,4.951630193241537,Unsafe Query
66.25767161873122,5.926101238855763,Unsafe Query
32.381992317394435,4.020117062018722,Unsafe Query
95.98601150468299,7.59873914885102,Unsafe Query
40.366102396682365,4.469335728362851,Unsafe Query
59.069124026348184,5.521644169710543,Unsafe Query
73.10976965171199,6.3116282806258805,Unsafe Query
33.66913939343632,4.092537217445718,Unsafe Query
28.5476623378847,3.8043819853960943,Unsafe Query
40.584723854057636,4.481636265121619,Unsafe Query
24.88588765561825,3.598355575077972,Unsafe Query
26.57931111708581,3.69363450051385,Unsafe Query
66.58349923973125,5.944433632561534,Unsafe Query
10.2598025668545,2.775432247097481,Unsafe Query
27.5719394852945,3.7494838296580975,Unsafe Query
43.95815666751122,4.671439383366739,Unsafe Query
25.724336325633406,3.6455301242264486,Unsafe Query
53.26332571369915,5.194986226724892,Unsafe Query
50.88946440489149,5.061423086858513,Unsafe Query
26.9928864400306,3.716903938580349,Unsafe Query
49.49998044084757,4.983245039833135,Unsafe Query
42.765896972833744,4.604357979846481,Unsafe Query
13.822394280909602,2.9758782182355956,Unsafe Query
63.33908151375254,5.761889430458374,Unsafe Query
76.55302326979132,6.505359802716336,Unsafe Query
55.02862281302934,5.294309056794514,Unsafe Query
37.97834308140272,4.334990629847331,Unsafe Query
44.04448969067555,4.676296832117094,Unsafe Query
20.539084078222405,3.35378663921583,Unsafe Query
46.750217225952504,4.828532122314408,Unsafe Query
39.12165230628807,4.39931787986287,Unsafe Query
63.42424721204719,5.766681200740379,Unsafe Query
67.61581156751761,6.002515743471025,Unsafe Query
81.62839750975715,6.790921101926045,Unsafe Query
45.004895990147354,4.730333215973628,Unsafe Query
57.07810301827789,5.40962118993867,Unsafe Query
53.98352910845302,5.2355078133857695,Unsafe Query
141.84044320721716,10.178696896279456,Unsafe Query
37.24958638014478,4.293987799202787,Unsafe Query
53.33136049568763,5.198814141636682,Unsafe Query
68.69057826715469,6.06298651086369,Unsafe Query
52.39782750773415,5.146289760124884,Unsafe Query
27.12052475649568,3.7240853919580514,Unsafe Query
39.77352985343755,4.435995175070739,Unsafe Query
18.876721393082608,3.2602553200102027,Unsafe Query
68.3806269595902,6.045547383442722,Unsafe Query
25.45376301695527,3.6303065639716845,Unsafe Query
42.883789669371616,4.610991104814014,Unsafe Query
67.11271069719041,5.974209232192925,Unsafe Query
43.746406499080464,4.659525453408863,Unsafe Query
40.7147501361911,4.488952075208106,Unsafe Query
48.31377917981239,4.9165045085521,Unsafe Query
44.60569589820296,4.707872587158787,Unsafe Query
41.288188964776026,4.521216087508627,Unsafe Query
49.65289169209601,4.991848451819279,Unsafe Query
42.282130705028756,4.57713931233219,Unsafe Query
30.590109804858308,3.91929842794014,Unsafe Query
65.3838897632737,5.876938700277721,Unsafe Query
90.87499799732224,7.311172638790052,Unsafe Query
70.83168168126677,6.183453740228102,Unsafe Query
45.98669898398964,4.7855734653096995,Unsafe Query
57.67058309077523,5.4429565404485745,Unsafe Query
28.101123306662334,3.779257874370035,Unsafe Query
52.38504332792451,5.145570469916287,Unsafe Query
53.5093250667723,5.208827155796714,Unsafe Query
31.173206047244882,3.952105805813684,Unsafe Query
27.02230890429766,3.7185593666778263,Unsafe Query
59.336943252564154,5.536712774029283,Unsafe Query
62.0726270862399,5.690633528014255,Unsafe Query
27.341236869530473,3.7365035575493164,Unsafe Query
30.094556934032678,3.8914165979647763,Unsafe Query
13.522504119807241,2.9590051720372967,Unsafe Query
87.14412862726233,7.1012586789274215,Unsafe Query
67.51123453414601,5.9966318121380535,Unsafe Query
41.732999309341636,4.546242935557753,Unsafe Query
69.18878155241839,6.0910174639883214,Unsafe Query
52.773820729905374,5.167444675593341,Unsafe Query
26.859382565910128,3.7093924649547847,Unsafe Query
38.22759760110716,4.349014707898602,Unsafe Query
51.15895388210399,5.076585666325099,Unsafe Query
30.587819655423072,3.9191695747724347,Unsafe Query
36.591249859298536,4.256947095735112,Unsafe Query
44.48931488770339,4.701324515826451,Unsafe Query
58.635694644262,5.4972576611276756,Unsafe Query
54.028820955184074,5.238056117803261,Unsafe Query
25.315158580984193,3.6225081118889872,Unsafe Query
38.5469663198419,4.366983697363593,Unsafe Query
13.735567601219993,2.970992994351416,Unsafe Query
62.01083866291138,5.687157058771284,Unsafe Query
53.3774440462842,5.201406990549562,Unsafe Query
75.19807673950513,6.429124972878285,Unsafe Query
57.74354613535607,5.447061739556994,Unsafe Query
44.18649709443272,4.684286749076315,Unsafe Query
69.08314648515432,6.08507400334408,Unsafe Query
27.275245721611295,3.7327906258431676,Unsafe Query
105.46956957812614,8.132322888008233,Unsafe Query
70.65403682381456,6.1734587144637905,Unsafe Query
70.99392296024308,6.192582097708639,Unsafe Query
104.70272713000439,8.089177197578067,Unsafe Query
64.99403683545472,5.855003981121041,Unsafe Query
36.7354288929462,4.2650591974680285,Unsafe Query
55.190003770028675,5.303389009044251,Unsafe Query
49.816785558614995,5.001069790629553,Unsafe Query
42.28665488760869,4.577393861335732,Unsafe Query
30.53795998390428,3.916364265862412,Unsafe Query
39.53284721014086,4.422453385821816,Unsafe Query
36.77805835269556,4.267457705112012,Unsafe Query
9.20578225877136,2.716128756489926,Unsafe Query
50.360108554084704,5.031639363067208,Unsafe Query
40.013006880932956,4.449469131446994,Unsafe Query
18.201595500281474,3.222269977853502,Unsafe Query
28.21924976425264,3.785904151689824,Unsafe Query
64.03474971142164,5.8010305666490725,Unsafe Query
66.5081928309107,5.9401965862030055,Unsafe Query
63.83476554356962,5.78977863997468,Unsafe Query
13.480088867030487,2.9566187165531157,Unsafe Query
86.19770679828744,7.048009118539473,Unsafe Query
26.708498888568506,3.7009031325638984,Unsafe Query
35.522336440197236,4.196805657829379,Unsafe Query
46.758283083458316,4.828985940425094,Unsafe Query
34.87787194575658,4.16054545126612,Unsafe Query
147.48941204675282,10.496530972101976,Unsafe Query
19.396029847986753,3.2894737362415176,Unsafe Query
34.10970525467691,4.1173252535145926,Unsafe Query
38.4006784934828,4.3587529463335075,Unsafe Query
9.477092398311576,2.731393773860624,Unsafe Query
98.60158721295164,7.745902128785202,Unsafe Query
58.31317002224632,5.479111107645042,Unsafe Query
39.64996376660561,4.429042841976535,Unsafe Query
40.585366387815846,4.48167241669707,Unsafe Query
52.310212129509445,5.14136016083749,Unsafe Query
37.918059516091,4.331598830067159,Unsafe Query
35.455118208723064,4.1930236853869935,Unsafe Query
68.38370400758139,6.045720510739458,Unsafe Query
51.56375539418847,5.099361453931587,Unsafe Query
57.03364793739235,5.407119965387742,Unsafe Query
26.810431869786555,3.706638298715733,Unsafe Query
45.82829534701415,4.77666102925364,Unsafe Query
27.154515698026525,3.72599786125903,Unsafe Query
56.53552752673576,5.379093675127238,Unsafe Query
56.96703382893741,5.403371983375638,Unsafe Query
62.72149373988813,5.727141418047384,Unsafe Query
47.04447454043241,4.845088241538714,Unsafe Query
45.47896039186945,4.757006016847864,Unsafe Query
82.83284667895768,6.85868833510475,Unsafe Query
65.65503130396468,5.892194231588051,Unsafe Query
75.2950947626527,6.434583603400272,Unsafe Query
39.69837187805333,4.431766480184028,Unsafe Query
47.51997918514371,4.871842076370197,Unsafe Query
44.19725644615966,4.6848921141809425,Unsafe Query
61.21550550445266,5.642408364528086,Unsafe Query
91.13008333929238,7.325524782734188,Unsafe Query
66.02520222681673,5.91302156069945,Unsafe Query
36.433086147922964,4.248048158873947,Unsafe Query
35.900166796985836,4.218063938000291,Unsafe Query
48.59173053603782,4.932143187918012,Unsafe Query
40.37120035248896,4.469622560193296,Unsafe Query
19.93516263825832,3.319807550608188,Unsafe Query
79.873030515749,6.692156980168948,Unsafe Query
19.882507884282028,3.3168449789348253,Unsafe Query
65.4803138116379,5.882363911350654,Unsafe Query
66.52195753335633,5.9409710446227715,Unsafe Query
62.0942190591251,5.691848380661188,Unsafe Query
36.04294969827289,4.226097487620217,Unsafe Query
43.25580566749525,4.63192224540153,Unsafe Query
46.85959845515719,4.834686357341037,Unsafe Query
48.13603447963129,4.906503865227776,Unsafe Query
48.23169629036542,4.911886189696164,Unsafe Query
46.42192557884975,4.8100610924289375,Unsafe Query
49.932883990790764,5.007601962950416,Unsafe Query
25.8529393341632,3.6527658551226776,Unsafe Query
54.31465105452637,5.254138087459547,Unsafe Query
41.541110412285065,4.535446481905941,Unsafe Query
54.808382538343736,5.28191743875731,Unsafe Query
35.96620931920657,4.221779760234626,Unsafe Query
41.471924280911075,4.531553787371837,Unsafe Query
13.823797322898029,2.9759571591124883,Unsafe Query
46.01848434011713,4.787361839361043,Unsafe Query
62.700063404411154,5.725935659781694,Unsafe Query
12.127960398523195,2.8805424423889514,Unsafe Query
74.63794614514975,6.397609736229983,Unsafe Query
62.950721898739125,5.740038731183721,Unsafe Query
30.399951083271816,3.908599321031984,Unsafe Query
41.443174679650326,4.529936217297273,Unsafe Query
55.095200344707266,5.298054980847644,Unsafe Query
100.27947221667898,7.840306797078608,Unsafe Query
55.816168147460075,5.33861957622689,Unsafe Query
75.93119428092058,6.470373162214061,Unsafe Query
28.56413089267813,3.8053085736003465,Unsafe Query
64.79306917486643,5.843696719125498,Unsafe Query
48.58020302800982,4.931494603200218,Unsafe Query
62.847775191330726,5.734246528653036,Unsafe Query
101.61887383899202,7.915667006857715,Unsafe Query
53.78699523122115,5.224450014163966,Unsafe Query
29.736006279490063,3.871243072643741,Unsafe Query
96.4944358977212,7.627345183275563,Unsafe Query
23.095412756054223,3.497616139058507,Unsafe Query
71.35616354037813,6.212963233325259,Unsafe Query
42.895610223678815,4.611656177513237,Unsafe Query
30.896481467718072,3.936536149919015,Unsafe Query
86.57278123178895,7.069112339202026,Unsafe Query
58.80249737493416,5.506642664524546,Unsafe Query
34.92922215208849,4.16343462375696,Unsafe Query
54.71317015242908,5.27656040076619,Unsafe Query
39.32895548242329,4.410981603858102,Unsafe Query
45.90523481213598,4.780989958034435,Unsafe Query
32.4056717009192,4.021449360920066,Unsafe Query
45.757015157522844,4.772650514450857,Unsafe Query
37.61075555729397,4.3143086533083,Unsafe Query
16.482420627538858,3.1255421727660937,Unsafe Query
58.81160850378604,5.507155293873476,Unsafe Query
47.95335235666271,4.896225422316807,Unsafe Query
44.60019794805965,4.70756325001207,Unsafe Query
63.64007178037573,5.778824373089712,Unsafe Query
49.328524547469506,4.973598230483657,Unsafe Query
29.223699618283227,3.8424186059441197,Unsafe Query
33.260956916202375,4.069571202920975,Unsafe Query
27.916010896290622,3.7688426935565027,Unsafe Query
36.45397346074785,4.2492233644657444,Unsafe Query
55.168591644382744,5.302184275338085,Unsafe Query
40.775558763535926,4.492373417124336,Unsafe Query
37.3122973690457,4.297516175755645,Unsafe Query
31.540596390787528,3.972776688168134,Unsafe Query
75.54991391447427,6.448920770398655,Unsafe Query
36.43264117809121,4.248023123052497,Unsafe Query
17.637936309339928,3.1905562079389025,Unsafe Query
31.98800986330528,3.997949998835557,Unsafe Query
92.26646743821034,7.389462396857881,Unsafe Query
29.716622858109787,3.8701524821314406,Unsafe Query
33.07518516218026,4.05911892473875,Unsafe Query
75.03258186035102,6.419813554553374,Unsafe Query
15.259744230591158,3.056749401254572,Unsafe Query
14.781494097120685,3.02984109400392,Unsafe Query
26.28963550394544,3.6773361665335975,Unsafe Query
73.60980151052966,6.339762116772549,Unsafe Query
31.466111703811627,3.9685858752391923,Unsafe Query
45.25836164274218,4.744594229573386,Unsafe Query
35.45427667650615,4.192976337344893,Unsafe Query
62.68506380178515,5.725091720830398,Unsafe Query
11.07139846341097,2.821095949456402,Unsafe Query
45.12619611823724,4.7371580569674,Unsafe Query
45.16138244347281,4.739137783441472,Unsafe Query
51.75998457140884,5.110402109485349,Unsafe Query
21.540433507758706,3.4101266509157777,Unsafe Query
64.58471299267384,5.831973748705549,Unsafe Query
45.13171649120138,4.737468655713665,Unsafe Query
48.63122301497134,4.934365196199581,Unsafe Query
19.10953419144545,3.2733543196168977,Unsafe Query
50.70809241832509,5.051218357576422,Unsafe Query
30.018642321440097,3.8871453315761357,Unsafe Query
42.97601653865543,4.616180165436843,Unsafe Query
78.452255456345,6.612218368223186,Unsafe Query
47.851739100445045,4.890508245200299,Unsafe Query
49.010560793631726,4.955708290086252,Unsafe Query
73.63202669844505,6.341012596685206,Unsafe Query
69.60248281546299,6.114293987959589,Unsafe Query
59.644578629934955,5.554021597751702,Unsafe Query
31.53241219509868,3.9723162118675903,Unsafe Query
57.97471604524175,5.46006830354302,Unsafe Query
62.960631924216756,5.740596309722129,Unsafe Query
58.89074052578803,5.511607584865939,Unsafe Query
36.04363541608041,4.226136068906788,Unsafe Query
49.68899525132734,4.993879785626944,Unsafe Query
31.43674662847905,3.9669336760777334,Unsafe Query
34.09505389218909,4.1165009079768256,Unsafe Query
42.278464205392986,4.576933020076676,Unsafe Query
28.683945371123325,3.812049825872844,Unsafe Query
63.7268655688821,5.783707746381487,Unsafe Query
65.06869972885333,5.859204820671704,Unsafe Query
21.55666458883933,3.411039877878326,Unsafe Query
20.09436526908758,3.3287649413241707,Unsafe Query
54.13256447723824,5.243893152382721,Unsafe Query
18.734048281904485,3.2522279476305473,Unsafe Query
25.14005364666032,3.6126559925812507,Unsafe Query
48.785220933439334,4.943029748525008,Unsafe Query
58.22235086132556,5.474001250448414,Unsafe Query
72.90996085130234,6.300386220840571,Unsafe Query
28.935701200942514,3.8262146378547226,Unsafe Query
22.10020535108869,3.4416217027650773,Unsafe Query
78.77942342004552,6.630626175087639,Unsafe Query
75.07758834030457,6.422345803069591,Unsafe Query
65.76638095639996,5.898459218151126,Unsafe Query
58.556564729267954,5.492805488684091,Unsafe Query
30.172098680658344,3.895779413564669,Unsafe Query
59.23213031657859,5.53081556985105,Unsafe Query
59.02063730873294,5.518916108798779,Unsafe Query
74.2611063986679,6.376407191843829,Unsafe Query
16.44557837603465,3.1234692771119157,Unsafe Query
43.49934088834388,4.645624532322804,Unsafe Query
12.864714924604744,2.921995263347411,Unsafe Query
54.22240547674877,5.24894797422039,Unsafe Query
33.46454960185207,4.081026159555683,Unsafe Query
72.09309793884245,6.254426174639161,Unsafe Query
45.01422862347159,4.730858308069523,Unsafe Query
71.0570220858058,6.196132312416512,Unsafe Query
62.38053320212224,5.707957584591917,Unsafe Query
51.97237734589947,5.1223521950866635,Unsafe Query
45.59350397947057,4.763450707257873,Unsafe Query
64.57857838289527,5.831628590485546,Unsafe Query
53.15353424013364,5.188808909673741,Unsafe Query
29.957810391619123,3.883722678567354,Unsafe Query
55.71434460398114,5.33289056748956,Unsafe Query
29.38749420201469,3.8516343586989716,Unsafe Query
68.34272452799368,6.043414837723298,Unsafe Query
49.86342530699488,5.003693933503057,Unsafe Query
43.997377148372614,4.6736460879250386,Unsafe Query
38.04865345818572,4.338946579023251,Unsafe Query
26.116964256386183,3.667620976390394,Unsafe Query
46.434088080912,4.810745404506496,Unsafe Query
31.229403095419585,3.955267681436993,Unsafe Query
34.38052153078453,4.132562484110015,Unsafe Query
114.74703026112469,8.654310745601547,Unsafe Query
37.177693913484056,4.289942835183904,Unsafe Query
90.97797574908004,7.316966588002723,Unsafe Query
1.3891821581693664,2.2763348862066426,Unsafe Query
66.92566192060538,5.9636851035017635,Unsafe Query
65.98483111139647,5.910750116737905,Unsafe Query
80.67266902931439,6.737147911287635,Unsafe Query
54.316663095016125,5.254251293081271,Unsafe Query
15.789190218937124,3.0865381965522487,Unsafe Query
29.08118508603757,3.834400155863361,Unsafe Query
34.32464939966186,4.12941888964808,Unsafe Query
22.657728543198825,3.472990236305884,Unsafe Query
32.098050217967774,4.0041413189544715,Unsafe Query
7.611556215759789,2.6264310832638817,Unsafe Query
43.88407202131547,4.6672710783671665,Unsafe Query
69.82906384828341,6.127042362965904,Unsafe Query
54.00184174246087,5.23653815702389,Unsafe Query
20.709692766652207,3.363385781352156,Unsafe Query
66.55542550012721,5.942854089226211,Unsafe Query
62.559567765922516,5.718030800915487,Unsafe Query
36.99246007724742,4.27952082245491,Unsafe Query
53.50670693776212,5.208679849157578,Unsafe Query
63.55439843138375,5.774004040304566,Unsafe Query
46.044364086088514,4.788817939647128,Unsafe Query
28.16770357441445,3.7830039523658816,Unsafe Query
33.05299571028207,4.057870455480483,Unsafe Query
42.384802590948084,4.582916052282628,Unsafe Query
53.73221742867156,5.2213679911003785,Unsafe Query
31.32644456289156,3.9607276310324933,Unsafe Query
15.835845546026933,3.089163215947648,Unsafe Query
65.65458651090081,5.8921692057122845,Unsafe Query
32.03596378129042,4.000648082262431,Unsafe Query
38.72055269895658,4.376750376548502,Unsafe Query
34.89991229260387,4.1617855312647904,Unsafe Query
56.95218140404638,5.402536325245268,Unsafe Query
70.60518355695137,6.170710029993148,Unsafe Query
41.67766521530647,4.543129613261469,Unsafe Query
20.918295750489673,3.3751226378413928,Unsafe Query
22.3057649590749,3.453187326489797,Unsafe Query
25.296146239720702,3.621438399860765,Unsafe Query
47.84302772045567,4.8900181073562585,Unsafe Query
98.14921750749792,7.720449960195295,Unsafe Query
113.8240136622577,8.602378059123168,Unsafe Query
61.923648924994154,5.682251407747298,Unsafe Query
68.60634105035183,6.058246980745375,Unsafe Query
71.45848134602146,6.218720051272144,Unsafe Query
39.05522867990437,4.395580615150647,Unsafe Query
49.13711685196064,4.962828851197724,Unsafe Query
57.07782327619578,5.4096054505057465,Unsafe Query
49.34943788671716,4.974774900428377,Unsafe Query
59.78001670743978,5.561641897565298,Unsafe Query
70.16013600387299,6.145669835623557,Unsafe Query
34.97147241954395,4.1658117964926245,Unsafe Query
36.610733119456526,4.258043303585115,Unsafe Query
92.34057443654596,7.393631959480202,Unsafe Query
26.67668507721757,3.69911315750538,Unsafe Query
86.96639974505358,7.091258925586876,Unsafe Query
68.83544483029566,6.071137295816024,Unsafe Query
61.834972669463994,5.677262119166597,Unsafe Query
21.759736078612868,3.4224655099027683,Unsafe Query
65.4544216344616,5.88090711163417,Unsafe Query
64.60639758945639,5.833193812751527,Unsafe Query
40.96557728608498,4.503064635861613,Unsafe Query
48.65479425018149,4.935691410234712,Unsafe Query
82.60310029534517,6.845761864525201,Unsafe Query
36.62369839738529,4.258772783114092,Unsafe Query
69.65787329209556,6.1174104825712545,Unsafe Query
87.57551964435466,7.12553050076437,Unsafe Query
74.4113716600279,6.3848617296239505,Unsafe Query
37.753040340300245,4.322314176757802,Unsafe Query
38.025111191352345,4.337621994867399,Unsafe Query
22.270610945032306,3.4512094179755066,Unsafe Query
53.125940821712305,5.187256391171364,Unsafe Query
83.00632859099237,6.868449136544752,Unsafe Query
51.484492641924206,5.094901807520237,Unsafe Query
31.755939952404606,3.984892797113872,Unsafe Query
45.74343084346963,4.771886205419345,Unsafe Query
16.31390919712134,3.116061030937617,Unsafe Query
10.71228299186259,2.800890645222058,Unsafe Query
71.65037983554377,6.229517044635286,Unsafe Query
28.400219157808042,3.796086229443606,Unsafe Query
13.858856944534418,2.9779297567241976,Unsafe Query
9.19202528723226,2.715354733042559,Unsafe Query
62.67512443732366,5.724532491560842,Unsafe Query
22.87535455087708,3.4852347649960174,Unsafe Query
54.33174212547255,5.25509970096695,Unsafe Query
35.1180026173235,4.174056184329464,Unsafe Query
48.69236870726175,4.937805502767327,Unsafe Query
39.70421824447493,4.432095420654637,Unsafe Query
76.35767112081867,6.494368492356449,Unsafe Query
65.99110601770593,5.911103168614166,Unsafe Query
36.37928642920271,4.245021166804299,Unsafe Query
61.57125816791063,5.662424463434529,Unsafe Query
52.13968802207079,5.131765777573432,Unsafe Query
33.54057000868451,4.085303378360669,Unsafe Query
48.52984961483961,4.928661514366826,Unsafe Query
61.10468553358409,5.636173180014909,Unsafe Query
87.15380527894669,7.101803126902357,Unsafe Query
107.67778958285517,8.256566371084967,Unsafe Query
54.11593188625091,5.242957334831738,Unsafe Query
38.779231009982354,4.380051858161425,Unsafe Query
49.76881724043948,4.998370896989112,Unsafe Query
55.39050943918601,5.314670277513602,Unsafe Query
50.41907404081828,5.034957002359219,Unsafe Query
52.80592344081073,5.169250905321604,Unsafe Query
51.264300799360655,5.082512914472174,Unsafe Query
45.41232521793444,4.753256849605751,Unsafe Query
48.4183117109957,4.922385936010065,Unsafe Query
20.677594106699672,3.3615797795470557,Unsafe Query
14.656498756950137,3.0228083452751284,Unsafe Query
56.48153899068929,5.3760560594230675,Unsafe Query
77.69176734711021,6.569430198870754,Unsafe Query
75.99764789286219,6.474112114036331,Unsafe Query
53.50143940891583,5.208383476454827,Unsafe Query
60.562002947334626,5.605639639617516,Unsafe Query
50.79268842466224,5.055978074660408,Unsafe Query
43.55929727506071,4.648997923697958,Unsafe Query
37.91240412139819,4.331280634446567,Unsafe Query
79.50962129185424,6.671710091877836,Unsafe Query
54.26923323111973,5.251582695079385,Unsafe Query
63.81746405440929,5.788805187478511,Unsafe Query
36.8927578244662,4.273911166202541,Unsafe Query
30.989595851639844,3.941775145742896,Unsafe Query
52.5828215667085,5.156698282005066,Unsafe Query
13.500732776623803,2.9577802272842484,Unsafe Query
28.129885896557834,3.780876175238278,Unsafe Query
41.08475619168371,4.509770128208005,Unsafe Query
37.559211395543116,4.3114085680928405,Unsafe Query
43.407624675077166,4.64046420329469,Unsafe Query
29.945417768450465,3.8830254189357802,Unsafe Query
57.38029462717652,5.426623724996645,Unsafe Query
65.29657306429147,5.872025905905293,Unsafe Query
32.5720115939129,4.0308083231774,Unsafe Query
22.085183063670595,3.4407764874746594,Unsafe Query
69.76658893049094,6.1235272687384965,Unsafe Query
77.0125898849556,6.531216898862334,Unsafe Query
41.38616998125357,4.5267288999713795,Unsafe Query
34.78931028709694,4.155562610373744,Unsafe Query
46.55889611607733,4.817767614690126,Unsafe Query
47.87006459116688,4.891539312209698,Unsafe Query
32.643806233949626,4.034847783070572,Unsafe Query
53.57755405142183,5.212665997343975,Unsafe Query
35.71082411493388,4.207410744811728,Unsafe Query
29.502153338593484,3.858085550366746,Unsafe Query
52.25136603945246,5.138049239290511,Unsafe Query
117.69812676882569,8.820351497078823,Unsafe Query
28.262048399427364,3.788312177834706,Unsafe Query
87.20442411590551,7.104651149562956,Unsafe Query
32.16020927118877,4.007638641350061,Unsafe Query
41.05392459049935,4.508035416308025,Unsafe Query
78.34170720434905,6.605998471724372,Unsafe Query
50.30475561626623,5.028524980542654,Unsafe Query
40.9023552088722,4.49950750339137,Unsafe Query
42.35018447587386,4.5809682956346665,Unsafe Query
63.58674045467182,5.775823734725616,Unsafe Query
48.918371306742074,4.950521332749711,Unsafe Query
59.93163001376166,5.570172281864811,Unsafe Query
36.78526681633186,4.2678632827391905,Unsafe Query
115.5569483322115,8.699880046641805,Unsafe Query
44.08554924734837,4.67860701059736,Unsafe Query
45.28202948028489,4.7459258788505885,Unsafe Query
41.01134394157223,4.505639654960404,Unsafe Query
40.721430238500936,4.489327925067498,Unsafe Query
47.51500572247564,4.871562249032563,Unsafe Query
22.162889424765673,3.4451485649574263,Unsafe Query
11.167417667942678,2.8264983823606094,Unsafe Query
110.43193091642898,8.411525619455151,Unsafe Query
50.460182638249464,5.037269940072994,Unsafe Query
35.27033178107158,4.182626845693684,Unsafe Query
44.72887207033319,4.714802982058184,Unsafe Query
56.01831956162307,5.349993441036878,Unsafe Query
53.23255144542021,5.193254740608507,Unsafe Query
45.47728491657123,4.756911747759451,Unsafe Query
62.70479925871353,5.726202118301503,Unsafe Query
106.31219623747347,8.179732507913144,Unsafe Query
35.564096055639716,4.199155224477361,Unsafe Query
6.8949072814325625,2.586109485074678,Unsafe Query
64.63101235656696,5.834578740156581,Unsafe Query
46.02468305260026,4.787710604261209,Unsafe Query
48.52638290386266,4.928466463037849,Unsafe Query
57.23890847898016,5.41866876241452,Unsafe Query
63.539261289938175,5.773152362857121,Unsafe Query
135.0063228048736,9.794181349488577,Unsafe Query
36.64926979986114,4.260211534734833,Unsafe Query
76.19483663258546,6.485206758498506,Unsafe Query
44.37778814874258,4.695049565651647,Unsafe Query
67.77084343591451,6.011238470045495,Unsafe Query
46.8107794992681,4.8319396033460364,Unsafe Query
18.158740566515963,3.2198587841197948,Unsafe Query
102.45697608153421,7.9628220645806165,Unsafe Query
14.49021067799195,3.013452298287211,Unsafe Query
68.68367230674473,6.06259795330444,Unsafe Query
29.25115452124617,3.843963331000656,Unsafe Query
39.84112773434687,4.439798508142079,Unsafe Query
54.1756122928483,5.2463151984373635,Unsafe Query
34.50277151412276,4.139440767842382,Unsafe Query
51.95371447988886,5.121302145964571,Unsafe Query
89.43348472206102,7.2300672100572925,Unsafe Query
44.39030721740363,4.695753939623441,Unsafe Query
55.428325168998086,5.3167979450362575,Unsafe Query
62.952318462690904,5.74012856039725,Unsafe Query
53.20009926619118,5.191428848363979,Unsafe Query
32.811986598539235,4.044310297782412,Unsafe Query
51.4355215811381,5.092146495482035,Unsafe Query
94.24078952239552,7.500545826918821,Unsafe Query
29.25991012868118,3.844455957261558,Unsafe Query
9.01355955979277,2.7053135217776396,Unsafe Query
24.87692588446339,3.597851349203543,Unsafe Query
38.09827849169203,4.34173868623966,Unsafe Query
24.56207978589199,3.5801368208341504,Unsafe Query
86.45078162387583,7.062248142614431,Unsafe Query
84.87453360315719,6.973561986403774,Unsafe Query
48.050104538786115,4.9016690955362066,Unsafe Query
41.279949969285354,4.520752527947251,Unsafe Query
99.49897238913839,7.7963926866608215,Unsafe Query
54.52381466156561,5.265906486901539,Unsafe Query
29.341028216521646,3.8490199924356983,Unsafe Query
56.075588246932014,5.353215611345439,Unsafe Query
31.387338348688136,3.964153764311285,Unsafe Query
16.98281536501311,3.1536964259491675,Unsafe Query
52.24809353929864,5.137865115056236,Unsafe Query
48.86338172362527,4.947427394045805,Unsafe Query
41.47543697635789,4.53175142597504,Unsafe Query
53.24326142508414,5.193857327839072,Unsafe Query
18.52585809132423,3.2405143165771624,Unsafe Query
71.71915721584654,6.233386741163444,Unsafe Query
78.86548474864142,6.6354683371910825,Unsafe Query
36.40428037017689,4.24642742808071,Unsafe Query
1.1484597882621677,2.2627908617762387,Unsafe Query
31.192862181955235,3.95321174029259,Unsafe Query
41.92185626974689,4.556868800061192,Unsafe Query
35.50166670260885,4.195642693909678,Unsafe Query
56.10259957680353,5.354735379166844,Unsafe Query
32.101417798471545,4.0043307927978535,Unsafe Query
39.24886700498356,4.406475498773411,Unsafe Query
36.455556711011944,4.249312444596788,Unsafe Query
21.364565069133768,3.4002315737354083,Unsafe Query
70.24640473370026,6.150523666967985,Unsafe Query
52.74482966329865,5.1658135196914765,Unsafe Query
37.86201999892727,4.3284458177824,Unsafe Query
55.9639350750963,5.346933547540326,Unsafe Query
50.38357858595772,5.032959882988946,Unsafe Query
52.62633711450319,5.159146644584168,Unsafe Query
30.467540017408478,3.9124021507213262,Unsafe Query
32.336957118554494,4.017583197660576,Unsafe Query
68.31304436992248,6.041744910719133,Unsafe Query
74.78320042196222,6.405782335538169,Unsafe Query
66.8257689965364,5.958064719303417,Unsafe Query
27.40759482522717,3.7402371273602744,Unsafe Query
49.56246188481788,4.986760501249982,Unsafe Query
58.94482932525567,5.514650841799988,Unsafe Query
54.78918682505719,5.280837409469577,Unsafe Query
47.590845507431894,4.875829305312543,Unsafe Query
31.512545995833047,3.971198458298212,Unsafe Query
79.9593635676167,6.697014430534273,Unsafe Query
82.68512467110844,6.85037689116213,Unsafe Query
25.35092156593403,3.6245202835955532,Unsafe Query
62.219785456942525,5.698913259427265,Unsafe Query
33.182639294293644,4.065164733406439,Unsafe Query
51.271099568819004,5.082895441030367,Unsafe Query
19.681488114912145,3.305534785086246,Unsafe Query
39.33031764666601,4.411058244785942,Unsafe Query
36.25212571567897,4.237866585320172,Unsafe Query
43.674223931711865,4.655464167138432,Unsafe Query
34.86193260958639,4.159648639064676,Unsafe Query
74.81918434372122,6.40780693805265,Unsafe Query
71.68506157165515,6.231468380862836,Unsafe Query
83.44492010261544,6.893126087634427,Unsafe Query
21.92851768397159,3.4319618528777176,Unsafe Query
60.45413304223598,5.599570437862297,Unsafe Query
26.46514295602389,3.687210933135409,Unsafe Query
54.66159837146958,5.2736587615811645,Unsafe Query
15.767842137769225,3.0853370662501844,Unsafe Query
60.37205006436864,5.59495211403147,Unsafe Query
48.478871321746205,4.925793267234898,Unsafe Query
65.7024230224541,5.8948606833734285,Unsafe Query
66.48808530928746,5.939065254851436,Unsafe Query
58.72975545229772,5.502549906640506,Unsafe Query
29.24599984149282,3.8436733076491194,Unsafe Query
76.96529045990133,6.528555639882845,Unsafe Query
36.3364355919301,4.242610203556025,Unsafe Query
11.767735337974006,2.860274708142222,Unsafe Query
49.13444030230127,4.962678257574083,Unsafe Query
20.987005351690033,3.3789885208402173,Unsafe Query
41.48642362578789,4.532369579777471,Unsafe Query
32.03131753280883,4.000386665332344,Unsafe Query
56.23230908103384,5.3620333660337405,Unsafe Query
40.14817247264799,4.457074100096332,Unsafe Query
46.07836078946194,4.79073073313292,Unsafe Query
78.3345874963898,6.605597887854354,Unsafe Query
50.45399376090517,5.036921728537937,Unsafe Query
51.10267843037466,5.073419379397349,Unsafe Query
30.04931717888073,3.8888712244324384,Unsafe Query
59.59059305606147,5.550984148711492,Unsafe Query
29.913970119487004,3.881256045669789,Unsafe Query
66.14583257070487,5.919808716896437,Unsafe Query
47.589799320510004,4.87577044256026,Unsafe Query
24.91416515703298,3.599946582885595,Unsafe Query
36.06652523392071,4.227423943615549,Unsafe Query
8.175132740480585,2.658140202039022,Unsafe Query
62.189990451144304,5.697236870620563,Unsafe Query
42.6364873519977,4.597076865645053,Unsafe Query
50.94796176415927,5.064714387385931,Unsafe Query
42.24305942671513,4.57494100251906,Unsafe Query
48.59090631568718,4.932096813912266,Unsafe Query
4.223282412876656,2.4357929502941946,Unsafe Query
50.19059658652332,5.022101926929543,Unsafe Query
71.24049610847571,6.206455310841394,Unsafe Query
92.6727459935436,7.412321288954632,Unsafe Query
36.33816321361439,4.242707406613255,Unsafe Query
18.492969635706263,3.23866387763981,Unsafe Query
69.97852781603477,6.135451816692493,Unsafe Query
67.48363369196232,5.995078875944464,Unsafe Query
34.632005034326994,4.146711973902492,Unsafe Query
31.936005750789597,3.9950240349101214,Unsafe Query
94.8908623189725,7.537121579482964,Unsafe Query
54.963267419181584,5.290631895210927,Unsafe Query
63.81065297976546,5.7884219685802885,Unsafe Query
28.38228412628893,3.795077131264868,Unsafe Query
57.08853605009764,5.410208194951558,Unsafe Query
15.272346322186833,3.057458446436006,Unsafe Query
69.60125947038678,6.114225157565448,Unsafe Query
39.76350142154299,4.435430934503355,Unsafe Query
66.61896762174717,5.946429228702913,Unsafe Query
30.133108413564003,3.8935856617738516,Unsafe Query
33.462891352182424,4.08093285965154,Unsafe Query
17.919222091807292,3.2063824957539153,Unsafe Query
54.74057366062406,5.278102234143016,Unsafe Query
75.52982875206283,6.447790697067731,Unsafe Query
48.866736882835404,4.947616169016438,Unsafe Query
60.948315477484385,5.6273751615307335,Unsafe Query
40.41219373735828,4.471929015577435,Unsafe Query
27.380116370622936,3.738691077192137,Unsafe Query
72.57635307985416,6.2816160840709445,Unsafe Query
63.920810249971915,5.794619866845572,Unsafe Query
30.690137363689974,3.9249263872405242,Unsafe Query
41.60965817439377,4.539303259175988,Unsafe Query
20.838052959341844,3.3706078504367616,Unsafe Query
103.05633712459507,7.996544566618871,Unsafe Query
85.10254839859994,6.986391030755409,Unsafe Query
89.59048880336428,7.238900901390857,Unsafe Query
44.65286061086447,4.7105262666684515,Unsafe Query
37.907162778084306,4.3309857350488965,Unsafe Query
13.528515643531627,2.959343404932804,Unsafe Query
62.18382600658588,5.6968900337739035,Unsafe Query
61.38165354086335,5.6517565321498875,Unsafe Query
37.983150969626635,4.335261141289988,Unsafe Query
54.931759245989674,5.288859116604464,Unsafe Query
44.9751967418901,4.728662214877569,Unsafe Query
60.7362327062731,5.615442517980984,Unsafe Query
28.643861030292804,3.8097945170218446,Unsafe Query
51.835033209659954,5.11462465261806,Unsafe Query
48.354437899116576,4.918792134283672,Unsafe Query
32.39342345643813,4.020760224623571,Unsafe Query
83.03598111133753,6.870117508537487,Unsafe Query
54.96603988864136,5.29078788567459,Unsafe Query
47.38614970146922,4.864312282620267,Unsafe Query
33.856323336579514,4.103068951159906,Unsafe Query
86.3729392088522,7.057868410181554,Unsafe Query
34.97402577205063,4.165955458540914,Unsafe Query
25.73640156304266,3.646208963797082,Unsafe Query
43.408129412864824,4.640492601905628,Unsafe Query
37.195237944455116,4.290929934073681,Unsafe Query
56.145596159024166,5.357154542621594,Unsafe Query
72.04909749794744,6.2519505299923415,Unsafe Query
29.93545544071436,3.8824648976585365,Unsafe Query
28.211607967502427,3.785474192970504,Unsafe Query
39.86264354972693,4.441009075856496,Unsafe Query
10.70980731665123,2.800751353615892,Unsafe Query
59.10528398778004,5.523678676936541,Unsafe Query
19.069566702754585,3.2711055853448827,Unsafe Query
84.27610229242781,6.939891794906567,Unsafe Query
44.14957191757002,4.682209187702529,Unsafe Query
27.629686680024168,3.75273292286247,Unsafe Query
42.96630915166671,4.615633988168061,Unsafe Query
70.23632634814557,6.149956615803506,Unsafe Query
49.94923455646289,5.008521912604449,Unsafe Query
60.87030933726102,5.622986217248928,Unsafe Query
69.37814811642092,6.101672000873036,Unsafe Query
64.50214145524366,5.827327936516837,Unsafe Query
54.512626813220635,5.265277012825796,Unsafe Query
38.13496166906371,4.343802631732962,Unsafe Query
87.83861349370072,7.140333236066476,Unsafe Query
69.57291600745364,6.112630438493197,Unsafe Query
77.47109240937307,6.557014124913681,Unsafe Query
30.36598017170831,3.9066879786988364,Unsafe Query
56.57576280645079,5.381357476416809,Unsafe Query
36.22700457622114,4.236453167337175,Unsafe Query
29.940348830686315,3.8827402197790075,Unsafe Query
33.22635535658743,4.067624377750819,Unsafe Query
70.00920566165637,6.137177877676071,Unsafe Query
88.15579331209545,7.158179069051693,Unsafe Query
91.66374109037132,7.355550549017869,Unsafe Query
41.30744058417057,4.522299262302499,Unsafe Query
42.76069024058943,4.60406502780905,Unsafe Query
25.682333511759353,3.6431668742406864,Unsafe Query
55.58209800463519,5.325449833281644,Unsafe Query
49.07784659115145,4.959494064070522,Unsafe Query
37.26757827465107,4.295000096725599,Unsafe Query
55.908545023329594,5.34381707683335,Unsafe Query
26.724702844675306,3.701814833364552,Unsafe Query
15.168558027862442,3.0516188927856267,Unsafe Query
114.854979720543,8.660384423407951,Unsafe Query
21.16044085815842,3.388746711313387,Unsafe Query
50.42836382287923,5.035479683467897,Unsafe Query
74.45211292378892,6.387153999644047,Unsafe Query
41.18899223725891,4.515634874173839,Unsafe Query
41.86750783288435,4.553810934866095,Unsafe Query
63.87335362902529,5.791949763382677,Unsafe Query
28.365051242843435,3.7941075388066263,Unsafe Query
30.20441032427791,3.8975973987013997,Unsafe Query
41.04979936412703,4.507803314211368,Unsafe Query
100.24272847607337,7.838239444050226,Unsafe Query
18.376544626175413,3.232113330742138,Unsafe Query
69.95141741742981,6.133926474859222,Unsafe Query
108.38609818430291,8.296418708057105,Unsafe Query
68.53492339154184,6.054228731356846,Unsafe Query
23.298555201581518,3.509045763343672,Unsafe Query
32.296132903609845,4.015286260467844,Unsafe Query
25.354373509693612,3.6247145040605235,Unsafe Query
42.8360329687273,4.6083041176408175,Unsafe Query
46.60558659206628,4.820394611706255,Unsafe Query
27.62111254809011,3.7522505071549928,Unsafe Query
41.80185174433665,4.550116854969667,Unsafe Query
49.863885315870256,5.003719815482571,Unsafe Query
66.12955349980957,5.9188927898307675,Unsafe Query
73.68827125478904,6.344177145312299,Unsafe Query
71.72773996036732,6.233869641450252,Unsafe Query
67.79365205435207,6.012521776143973,Unsafe Query
61.17019854011423,5.639859209532213,Unsafe Query
68.96062182651202,6.0781802652564325,Unsafe Query
47.94854133826554,4.895954734757809,Unsafe Query
37.53974108212453,4.310313088679313,Unsafe Query
59.151417640009576,5.52627434477207,Unsafe Query
50.714185279846255,5.051561166868827,Unsafe Query
61.19912902944418,5.64148695710889,Unsafe Query
48.53781187034444,4.929109503405486,Unsafe Query
62.59774431287811,5.720178769485398,Unsafe Query
21.273964902136598,3.395134038032011,Unsafe Query
45.87283808466446,4.779167185732431,Unsafe Query
36.29178945239891,4.240098229264784,Unsafe Query
46.413647940475464,4.809595358660985,Unsafe Query
31.114972538097806,3.9488293505724856,Unsafe Query
51.37318755074103,5.088639328155338,Unsafe Query
53.946271810653116,5.233411565530585,Unsafe Query
38.46074745201629,4.362132671459179,Unsafe Query
54.21743975252815,5.248668582279439,Unsafe Query
41.60893046086328,4.539262315038394,Unsafe Query
47.26667577724526,4.857590191320196,Unsafe Query
89.33899363177824,7.224750755106559,Unsafe Query
44.21680189274162,4.6859918208933315,Unsafe Query
27.621833165813094,3.752291052053453,Unsafe Query
55.83312018458315,5.339573367123135,Unsafe Query
51.454507216721325,5.093214704939531,Unsafe Query
45.660410792529994,4.767215158027391,Unsafe Query
35.99915653131135,4.223633505052081,Unsafe Query
15.023632478559346,3.043464789030718,Unsafe Query
104.4513481796842,8.075033590377213,Unsafe Query
70.80116117189606,6.181736531625075,Unsafe Query
86.07018926112205,7.0408344606988305,Unsafe Query
90.81856922413492,7.3079977253704085,Unsafe Query
44.397088480833354,4.696135481220911,Unsafe Query
45.38357629925896,4.751639317936224,Unsafe Query
52.29992810636841,5.140781539661906,Unsafe Query
31.21437593499309,3.9544221919712053,Unsafe Query
73.848158798364,6.353173072018783,Unsafe Query
46.31325427726614,4.803946800831943,Unsafe Query
51.33335345870263,5.086398099324221,Unsafe Query
86.92085112926654,7.088696174292808,Unsafe Query
60.343471295705484,5.593344155697087,Unsafe Query
42.55078352275097,4.592254817916192,Unsafe Query
52.97303817565484,5.178653463348437,Unsafe Query
50.39788273862299,5.033764693082953,Unsafe Query
67.2078221986291,5.979560594011083,Unsafe Query
38.989825800337805,4.391900781826433,Unsafe Query
85.58670536550794,7.013631680598133,Unsafe Query
41.73515631238177,4.546364297365064,Unsafe Query
54.94449045422372,5.289575426415708,Unsafe Query
38.331200897991,4.35484385283684,Unsafe Query
52.69750674565314,5.163150938922785,Unsafe Query
8.308276237588185,2.6656313993808807,Unsafe Query
20.960614197627038,3.37750364664463,Unsafe Query
97.9577807435071,7.709678945397756,Unsafe Query
50.21731323893277,5.023605114992504,Unsafe Query
24.89675768254849,3.5989671672218972,Unsafe Query
51.1236918459662,5.074601680046216,Unsafe Query
69.6375716516615,6.116268229301971,Unsafe Query
43.34785884614338,4.637101533479274,Unsafe Query
44.0194374639859,4.674887291448101,Unsafe Query
19.121368179885184,3.2740201481753264,Unsafe Query
77.83509359600535,6.577494319447926,Unsafe Query
43.34759896989583,4.6370869117794,Unsafe Query
61.84814057153509,5.678002999158004,Unsafe Query
54.04213062213344,5.238804974066151,Unsafe Query
95.64564164295929,7.579588549243945,Unsafe Query
44.84641001995491,4.721416147514264,Unsafe Query
21.986008262477988,3.435196507804507,Unsafe Query
41.59319563252627,4.538377009283525,Unsafe Query
41.831556809247644,4.551788183334439,Unsafe Query
48.9887390013298,4.954480506859598,Unsafe Query
48.076247530401346,4.903140007098173,Unsafe Query
63.68823696852913,5.781534343439772,Unsafe Query
0.0,2.198173820013332,Unsafe Query
33.09322149765359,4.06013372269201,Unsafe Query
45.95681720779055,4.78389219444559,Unsafe Query
37.12772875018601,4.287131590875206,Unsafe Query
41.01976879570205,4.506113671688475,Unsafe Query
16.57094364246304,3.130522839403965,Unsafe Query
63.17627964308947,5.752729531798245,Unsafe Query
42.540193853502224,4.591658999841328,Unsafe Query
63.789982572539316,5.787258966984029,Unsafe Query
72.50213800169594,6.277440440436052,Unsafe Query
63.249177389408004,5.756831056959534,Unsafe Query
49.91168855748879,5.0064094212412025,Unsafe Query
81.36315293157591,6.775997357829043,Unsafe Query
21.752445323174125,3.422055302202435,Unsafe Query
46.43039375675398,4.810537546729633,Unsafe Query
56.34055199370513,5.368123554719583,Unsafe Query
32.48741481246906,4.026048562482743,Unsafe Query
17.350099676201328,3.1743613424899735,Unsafe Query
39.31543010952146,4.410220611096675,Unsafe Query
57.83572477331015,5.452248086488077,Unsafe Query
40.89203558580692,4.4989268792185415,Unsafe Query
51.78328709625689,5.111713204777215,Unsafe Query
25.86127834731139,3.653235042086266,Unsafe Query
55.01874893087605,5.293753511827261,Unsafe Query
5.144485932587379,2.487623625528682,Unsafe Query
20.55213406772401,3.354520884964135,Unsafe Query
27.3120637776261,3.734862160160218,Unsafe Query
52.686954071521086,5.162557202344395,Unsafe Query
38.27489148022919,4.351675654841275,Unsafe Query
70.4497333252964,6.161963764591813,Unsafe Query
83.58558797196257,6.90104063691269,Unsafe Query
85.72714590633808,7.021533439444872,Unsafe Query
105.1758732929429,8.11579833458524,Unsafe Query
68.04545389896126,6.026689177106012,Unsafe Query
101.33045009261852,7.899439108018495,Unsafe Query
23.806280340423946,3.537612454869113,Unsafe Query
10.829400802733904,2.8074801719548166,Unsafe Query
69.14025685936784,6.088287266423351,Unsafe Query
89.0011505105347,7.20574232024639,Unsafe Query
43.477432087827346,4.6443918536583695,Unsafe Query
33.24662884404112,4.068765047018358,Unsafe Query
21.28372594735164,3.395683234331922,Unsafe Query
44.38073357717561,4.695215287494077,Unsafe Query
55.922571266588726,5.344606250608274,Unsafe Query
71.4501667699697,6.218252239239483,Unsafe Query
27.97176008549468,3.771979370803599,Unsafe Query
38.14107497788909,4.344146591474275,Unsafe Query
53.385417836740004,5.2018556285917095,Unsafe Query
72.04399008315136,6.251663165960487,Unsafe Query
27.57709893286277,3.749774121266389,Unsafe Query
47.359592897524514,4.862818088285278,Unsafe Query
52.831607998055084,5.170696023492116,Unsafe Query
34.519214058962376,4.140365892620323,Unsafe Query
60.37420719826184,5.595073483201109,Unsafe Query
31.233215669524366,3.9554821924391814,Unsafe Query
74.66433676189023,6.399094580193608,Unsafe Query
35.38381009553081,4.189011599482662,Unsafe Query
50.09271102655693,5.016594485240265,Unsafe Query
178.51492216181447,12.242152981083256,Unsafe Query
43.07155294461485,4.621555434120041,Unsafe Query
31.58402828745953,3.975220344193169,Unsafe Query
55.03849310590525,5.294864399814351,Unsafe Query
33.89831316425826,4.1054314704892425,Unsafe Query
147.07071102853547,10.472973141469298,Safe Query
110.92727846597118,8.439395897215904,Safe Query
130.87494591372894,9.56173319950384,Safe Query
156.75930415787096,11.018092990906437,Safe Query
94.91815411248069,7.538657127334902,Safe Query
102.7785663778912,7.980916049082843,Safe Query
98.34482890878485,7.731455857150021,Safe Query
92.7038415690297,7.4140708531277655,Safe Query
119.03253748770783,8.895430898231695,Safe Query
109.89486155599747,8.381307902085094,Safe Query
118.79506293105555,8.882069609049731,Safe Query
97.26387219389716,7.670636814199038,Safe Query
69.46769897088593,6.10671049796454,Safe Query
115.35392142217331,8.688456922855483,Safe Query
108.60210257337415,8.3085719978564,Safe Query
95.62196635990716,7.578256481051951,Safe Query
116.17456749590949,8.734629825173132,Safe Query
77.95389376689228,6.584178502631436,Safe Query
121.50539769844049,9.034564120956482,Safe Query
37.66838061630894,4.317550874658161,Safe Query
79.36076436933463,6.663334792997147,Safe Query
111.25098040423818,8.457608691322855,Safe Query
160.13638750080824,11.208101502861043,Safe Query
115.35613968772338,8.688581731542,Safe Query
106.01487261288685,8.16300386554937,Safe Query
34.18750149853943,4.121702388169232,Safe Query
111.98150314992577,8.498710886845327,Safe Query
107.7017366222698,8.25791372940066,Safe Query
139.31908107661155,10.036834757301751,Safe Query
63.20364865342237,5.754269424184348,Safe Query
140.33669244540638,10.094089732171462,Safe Query
60.616801953778555,5.608722855698866,Safe Query
111.09307756082687,8.4487244319596,Safe Query
129.95346052048367,9.509886664912203,Safe Query
41.61003435613478,4.539324424698297,Safe Query
141.8940909068049,10.181715335131363,Safe Query
71.85306537727627,6.240920961645462,Safe Query
143.19743237798326,10.255046653419745,Safe Query
103.2591748820973,8.0079570479104,Safe Query
99.05662063336618,7.771504168866149,Safe Query
102.9806177338872,7.992284284211389,Safe Query
125.75588735643397,9.273714042051212,Safe Query
28.85575506520907,3.821716541496218,Safe Query
154.079105247496,10.867294045488714,Safe Query
84.16323373228607,6.933541348387725,Safe Query
104.11942301704119,8.056358124056256,Safe Query
134.13793206694365,9.745322137217634,Safe Query
116.61096649998368,8.759183416826717,Safe Query
81.2619164174079,6.770301377760098,Safe Query
90.35722886299641,7.282040831026107,Safe Query
154.54661056616334,10.89359780554149,Safe Query
97.71173749126255,7.695835546379124,Safe Query
98.27779515349336,7.727684264091677,Safe Query
119.27965257357948,8.909334602991072,Safe Query
100.66278099335868,7.861873315544422,Safe Query
101.46575825581832,7.907052098322294,Safe Query
72.59936860757811,6.282911031731572,Safe Query
55.52691951007063,5.322345265647553,Safe Query
116.78210610612967,8.768812430563765,Safe Query
73.00095328428847,6.3055058270318085,Safe Query
89.9591668532733,7.259644235368695,Safe Query
127.43010098015726,9.367912143499636,Safe Query
79.71139728481094,6.683062833956305,Safe Query
120.79072340402095,8.99435362407939,Safe Query
70.8586844198283,6.184973024667292,Safe Query
200.0,13.450991275761464,Safe Query
115.32935112091506,8.687074497281024,Safe Query
93.96181702209671,7.484849693813641,Safe Query
41.070693523335265,4.508978905008676,Safe Query
136.65535612006738,9.88696270386019,Safe Query
145.55979511845734,10.387962836833825,Safe Query
90.46614867974036,7.2881691051017725,Safe Query
47.3266321024207,4.86096357923278,Safe Query
113.07786148737966,8.560396488032609,Safe Query
103.98168995604165,8.04860869909101,Safe Query
92.41178683201319,7.397638659914099,Safe Query
51.17527576124979,5.077504001957911,Safe Query
74.7431377006348,6.403528243088781,Safe Query
147.7251470691085,10.509794387974452,Safe Query
74.44736954408117,6.386887117714173,Safe Query
140.2342383381901,10.088325245340979,Safe Query
119.00731178782817,8.894011597251998,Safe Query
163.51768497137772,11.398347118860547,Safe Query
98.37968931096803,7.733417245861027,Safe Query
113.0803550607073,8.56053678665995,Safe Query
141.51348001247754,10.16030061055369,Safe Query
108.1268339413239,8.281831442061877,Safe Query
93.18646402333277,7.441225165019354,Safe Query
90.02203736884059,7.263181587543831,Safe Query
117.82591750886806,8.827541526429982,Safe Query
75.30660189207475,6.435231041534402,Safe Query
95.04684101682793,7.545897578552726,Safe Query
110.25483494663575,8.401561476353992,Safe Query
91.96280639043206,7.372377185162531,Safe Query
122.30945330866207,9.07980357598695,Safe Query
125.43584888430246,9.25570736952265,Safe Query
148.57173841742187,10.557427077485382,Safe Query
85.44661330998741,7.005749528959267,Safe Query
148.37505226438873,10.546360710604606,Safe Query
138.5396766922922,9.992982280996973,Safe Query
78.65133436491118,6.623419361310108,Safe Query
133.96053718214796,9.735341175936687,Safe Query
114.07103564794119,8.616276525685432,Safe Query
102.55292130369327,7.968220334934151,Safe Query
124.89466720238376,9.22525827613752,Safe Query
127.79184603970177,9.388265399102501,Safe Query
82.24349754652339,6.825529144079818,Safe Query
33.57483323463059,4.08723116749575,Safe Query
63.23346782284646,5.755947172535404,Safe Query
147.97686155662748,10.523956873869544,Safe Query
127.95142634344889,9.397244039240498,Safe Query
133.70822543780628,9.721145085931596,Safe Query
135.55154866088915,9.82485798463806,Safe Query
120.38839574147046,8.971717025358997,Safe Query
58.826510490705466,5.507993740566137,Safe Query
116.91575889540258,8.776332282764463,Safe Query
100.62596763292176,7.859802045419775,Safe Query
133.19651191836869,9.692353991812247,Safe Query
162.35482206207635,11.332919698638406,Safe Query
162.67968090754403,11.35119758507307,Safe Query
87.09443494932329,7.098462709494657,Safe Query
126.82457602759622,9.333842834719286,Safe Query
108.93372214792745,8.327230270542406,Safe Query
140.91772538116317,10.126781019980704,Safe Query
56.34797159408914,5.3685410117631625,Safe Query
89.01350169991913,7.206437248643911,Safe Query
95.80420086504309,7.588509739154118,Safe Query
99.76790319433186,7.811523832956168,Safe Query
125.6080192256392,9.26539437663443,Safe Query
59.061528185229115,5.5212167966428645,Safe Query
114.83832121800488,8.659447147967214,Safe Query
121.08600745178015,9.010967511514533,Safe Query
91.1893209872098,7.328857734926801,Safe Query
79.1594262701968,6.652006688614721,Safe Query
70.7536381623751,6.17906269286964,Safe Query
104.41951203853976,8.073242358953244,Safe Query
36.44642930542736,4.248798899452348,Safe Query
123.20909842857988,9.130421287533899,Safe Query
100.56090760783034,7.856141502489674,Safe Query
82.19256059203104,6.822663222826546,Safe Query
143.56488796212605,10.275721206477016,Safe Query
128.0976050189571,9.405468648997582,Safe Query
48.56850398111431,4.930836367004611,Safe Query
98.10965875834638,7.718224223280396,Safe Query
85.30039813378255,6.9975228655238,Safe Query
49.28985288878799,4.971422404904387,Safe Query
158.02645618095252,11.08938814292853,Safe Query
127.8717977305251,9.392763808013068,Safe Query
137.09163852834104,9.911509735357477,Safe Query
67.73941757530969,6.009470322681615,Safe Query
110.70905173336614,8.42711756928606,Safe Query
109.66327417335408,8.368277849375392,Safe Query
150.81797593640914,10.683809581302464,Safe Query
60.97023400060962,5.628608387228873,Safe Query
83.76293088112648,6.911018673832152,Safe Query
160.8822117436123,11.25006462315277,Safe Query
108.70791407655962,8.314525385506723,Safe Query
126.24760671540973,9.301380182981271,Safe Query
96.89545884775843,7.649908373537237,Safe Query
175.99238876829278,12.100224942066614,Safe Query
92.80491460837422,7.419757635434973,Safe Query
115.45267402008062,8.694013147643142,Safe Query
117.22858395999548,8.793933099501695,Safe Query
143.04710152128317,10.246588424977684,Safe Query
93.15784559712364,7.439614975389342,Safe Query
133.61155327534527,9.715705914945465,Safe Query
137.9677730493076,9.960804644513058,Safe Query
110.7247966673697,8.428003443627034,Safe Query
157.4138281595069,11.054919186460511,Safe Query
49.264886319418345,4.970017683666322,Safe Query
132.83607450229658,9.672074309575844,Safe Query
154.00609103832932,10.863185967651573,Safe Query
98.92166089629183,7.7639107824402815,Safe Query
178.45006056656183,12.238503602626924,Safe Query
138.54482560943134,9.993271980120282,Safe Query
39.752038715225055,4.434785995794632,Safe Query
149.37752147601603,10.602763725821855,Safe Query
114.72907947366895,8.653300760929415,Safe Query
104.60941690433683,8.083927182897108,Safe Query
124.07273559442493,9.17901304441017,Safe Query
84.9605267775795,6.978400313874848,Safe Query
119.97867258314973,8.948664325819118,Safe Query
119.88960147485301,8.943652821207897,Safe Query
128.39664055538765,9.422293610518755,Safe Query
119.16802908128969,8.90305420907852,Safe Query
98.62533985504483,7.747238549513034,Safe Query
118.88011076635499,8.886854747877885,Safe Query
141.2990291468182,10.148234728331232,Safe Query
112.94743532335131,8.553058178956286,Safe Query
65.75672039675864,5.897915675580306,Safe Query
142.3221185543632,10.205797920051298,Safe Query
93.87325385462316,7.479866768029226,Safe Query
95.29621019846162,7.559928107952793,Safe Query
93.16833274938602,7.440205025439538,Safe Query
140.52600740533416,10.104741365600008,Safe Query
111.54570868473073,8.474191309020002,Safe Query
52.073619954754676,5.1280485180676205,Safe Query
75.01526049546044,6.418838983767384,Safe Query
63.45762394921176,5.768559112393286,Safe Query
125.02967100993992,9.232854142148822,Safe Query
88.57170375041251,7.181579890253303,Safe Query
153.6094378507779,10.84086863808779,Safe Query
114.95209291165327,8.665848408468497,Safe Query
165.34399083570693,11.501102551408842,Safe Query
76.37405280077239,6.495290192627138,Safe Query
147.72700239177462,10.50989877601087,Safe Query
134.7228115363696,9.77822984673296,Safe Query
126.81527731497883,9.333319651141002,Safe Query
87.9348380514306,7.145747222980948,Safe Query
87.71369520256984,7.133304822431577,Safe Query
132.7439231882535,9.666889499999671,Safe Query
88.47213628145037,7.175977817489494,Safe Query
144.82051448761433,10.34636788689659,Safe Query
51.29435553089687,5.084203916510467,Safe Query
146.17904110797673,10.422804147235153,Safe Query
117.58782087060663,8.814145236394067,Safe Query
151.89953831178283,10.744662701187892,Safe Query
115.21291035993215,8.680523064142278,Safe Query
83.98277771982879,6.923388155552855,Safe Query
101.34049786345334,7.900004436673702,Safe Query
145.4683283365559,10.382816541833817,Safe Query
48.157049580883466,4.9076862607188,Safe Query
113.53268345753378,8.585986631057649,Safe Query
91.62370854184604,7.353298154213653,Safe Query
56.76759303511718,5.3921506291451955,Safe Query
120.20781922115134,8.96155705225927,Safe Query
125.52669231795586,9.260818592402424,Safe Query
160.4576227684404,11.226175511996106,Safe Query
63.48336940361672,5.770007656886957,Safe Query
124.76972194323976,9.218228345171978,Safe Query
130.51037102005515,9.54122072586654,Safe Query
135.27735811076468,9.809430903594851,Safe Query
81.89140620468602,6.80571904609259,Safe Query
21.187436781502715,3.3902656123006008,Safe Query
123.3100418365959,9.136100776252727,Safe Query
143.44085071812933,10.26874236415497,Safe Query
108.93620215690163,8.327369805983782,Safe Query
108.21577182348389,8.286835450826114,Safe Query
128.1066262132873,9.405976218262735,Safe Query
129.93122578317372,9.508635647711577,Safe Query
55.450610166924555,5.318051790104599,Safe Query
125.01762015853666,9.232176111993686,Safe Query
141.86580463541353,10.18012383388901,Safe Query
129.52343399521467,9.485691614962295,Safe Query
156.57472117483985,11.007707597839003,Safe Query
82.6406911773544,6.8478768811914525,Safe Query
156.72884792927587,11.016379399002583,Safe Query
157.8344668311321,11.078586037393645,Safe Query
108.82625536160057,8.321183749896946,Safe Query
128.73502898114026,9.441332726439416,Safe Query
126.08121383826641,9.292018239619118,Safe Query
56.14856604700192,5.357321640657982,Safe Query
98.04531487861863,7.71460397361554,Safe Query
146.06305053973972,10.416278043780355,Safe Query
110.68268265733312,8.425633937290678,Safe Query
87.70542550017727,7.1328395351743925,Safe Query
94.05288125690035,7.489973339868605,Safe Query
11.474609772521106,2.84378226574395,Safe Query
104.31696303063983,8.067472532622414,Safe Query
68.92778843756145,6.07633292459486,Safe Query
78.82559813159547,6.6332241530883564,Safe Query
107.47131112442061,8.244949049078425,Safe Query
70.36622711730416,6.157265364017021,Safe Query
115.36442352876008,8.689047814297092,Safe Query
95.37172947150655,7.5641771309226185,Safe Query
69.13197077460553,6.087821057427086,Safe Query
113.47151170275764,8.58254485810793,Safe Query
124.16166987624015,9.184016850604293,Safe Query
146.8417318580162,10.460089837434188,Safe Query
122.25837279840279,9.07692957769948,Safe Query
80.60838748406944,6.733531168815562,Safe Query
108.98258244044277,8.329979350304953,Safe Query
58.47785665278196,5.488377050599141,Safe Query
76.16861549355673,6.483731450043646,Safe Query
98.94478242755915,7.765211694293524,Safe Query
39.94093522975467,4.445414085774776,Safe Query
135.19220897372603,9.804640065116798,Safe Query
87.57484038992854,7.1254922831340535,Safe Query
104.4441322609295,8.074627593294602,Safe Query
99.15163571407659,7.776850105660036,Safe Query
131.99827397224755,9.62493622743099,Safe Query
51.27373400312123,5.0830436650718775,Safe Query
92.79951784544883,7.4194539914947155,Safe Query
137.64905818886788,9.942872443788247,Safe Query
135.4457005258346,9.818902535929059,Safe Query
128.02458448002378,9.401360215021898,Safe Query
107.60891930187988,8.252691447585262,Safe Query
90.76904528783766,7.305211306296194,Safe Query
117.28850096152814,8.79730427490541,Safe Query
120.07408557573085,8.954032650761228,Safe Query
132.12572875572374,9.632107354492588,Safe Query
110.86674248168362,8.435989895312444,Safe Query
47.64975346398802,4.879143707721629,Safe Query
101.97552110251031,7.935733439620032,Safe Query
70.67013564331887,6.174364499849466,Safe Query
112.84187277698688,8.547118798634271,Safe Query
94.71347160030871,7.527140852605626,Safe Query
122.21425300060697,9.074447217545575,Safe Query
119.52780633900682,8.923296748107623,Safe Query
90.39219240751254,7.284008022946336,Safe Query
94.21498287029047,7.499093839192412,Safe Query
148.31556894695242,10.54301393604074,Safe Query
102.92872709804095,7.989364704947187,Safe Query
120.80071951438671,8.994916046105455,Safe Query
168.15733390549326,11.659392731432341,Safe Query
117.02242557415263,8.782333786087388,Safe Query
87.70404974719035,7.132762129688263,Safe Query
90.6310131021873,7.297445051355486,Safe Query
112.59282922578669,8.533106590533336,Safe Query
173.61240202428414,11.966317160179466,Safe Query
80.79812884406128,6.744206793254528,Safe Query
88.1658775238912,7.158746448024306,Safe Query
94.58107409908098,7.519691628041063,Safe Query
151.64033820420778,10.73007904371263,Safe Query
30.184922774110866,3.8965009494779523,Safe Query
130.51875296350605,9.541692328264428,Safe Query
64.96371937341081,5.853298196790533,Safe Query
148.2627786522445,10.540043738291823,Safe Query
101.66894818094956,7.918484394004039,Safe Query
125.35157200467198,9.25096560781154,Safe Query
127.04027125897493,9.345978730043186,Safe Query
93.14662981710627,7.438983929763546,Safe Query
160.6946284335798,11.239510419425066,Safe Query
88.01845467536914,7.1504518360081795,Safe Query
142.7623113702691,10.230564967064902,Safe Query
145.73899761337861,10.398045501648644,Safe Query
124.25742660828824,9.189404515733774,Safe Query
126.92070168395928,9.339251257038624,Safe Query
97.46601018284197,7.682009923651378,Safe Query
114.22883178978194,8.625154781582209,Safe Query
128.0700761612907,9.403919762947154,Safe Query
67.08435789351911,5.972613987572566,Safe Query
115.31961180594226,8.68652652361336,Safe Query
154.16935464350647,10.872371845382702,Safe Query
82.20524047050701,6.823376644615802,Safe Query
103.13761832096364,8.001117778945472,Safe Query
160.7765495417864,11.244119635807174,Safe Query
42.667828660140685,4.598840255741839,Safe Query
93.82647935076935,7.4772350432619765,Safe Query
93.89625030918582,7.481160642555842,Safe Query
77.07349125248093,6.534643458720173,Safe Query
123.87581768444007,9.167933637936034,Safe Query
129.55685750705433,9.487572158349604,Safe Query
88.96051633072118,7.203456075206861,Safe Query
138.92570975915473,10.014702079163406,Safe Query
105.17705884425865,8.115865038547943,Safe Query
140.19646428735874,10.086199922848133,Safe Query
111.65567681610892,8.480378565561745,Safe Query
97.65297774545894,7.692529482912753,Safe Query
58.05378814738318,5.464517223199219,Safe Query
35.86470943677098,4.216068961990488,Safe Query
116.84510719328061,8.77235712922988,Safe Query
60.52855935514757,5.603757966427789,Safe Query
107.07800831290093,8.222820225364108,Safe Query
72.66805238883316,6.286775461994739,Safe Query
130.41500241383247,9.535854898282375,Safe Query
47.35961869901273,4.862819539982462,Safe Query
84.4686240605089,6.950723856468938,Safe Query
88.81283498710822,7.195146919200381,Safe Query
123.15767466326663,9.127527976314113,Safe Query
74.98770769647757,6.417288750680638,Safe Query
149.91926194817208,10.633244259029668,Safe Query
111.85390260134128,8.491531558442954,Safe Query
97.72122140171074,7.696369149944324,Safe Query
83.03162899945023,6.869872640934413,Safe Query
64.9196294619592,5.850817518164508,Safe Query
102.19749576149692,7.9482226412069235,Safe Query
133.69621204944326,9.720469163600226,Safe Query
136.42167148653414,9.873814651243373,Safe Query
124.55037174881924,9.205886806688493,Safe Query
128.49595735230224,9.427881579448602,Safe Query
99.34065605459043,7.787485162596163,Safe Query
86.54259534227975,7.067413957680095,Safe Query
44.31349453542713,4.6914321441806015,Safe Query
128.05255828968737,9.402934135890327,Safe Query
111.91609190382985,8.495030582785976,Safe Query
115.01571534430832,8.669428066572287,Safe Query
141.22819266937205,10.144249178581683,Safe Query
122.12674478382282,9.069523647598825,Safe Query
115.90859932445589,8.719665368761099,Safe Query
110.81484359039638,8.433069851563388,Safe Query
115.01629901085155,8.669460906037617,Safe Query
115.83317688091151,8.715421793814741,Safe Query
58.54588941092438,5.4922048516410795,Safe Query
133.56921715357387,9.713323911695076,Safe Query
75.8224427016636,6.464254353867045,Safe Query
62.15983538555688,5.6955402233784564,Safe Query
106.65444505440948,8.198988825220278,Safe Query
135.6685304713023,9.831439859429171,Safe Query
104.62968682991429,8.085067651758932,Safe Query
144.72183890469742,10.340815995287073,Safe Query
118.40256353190391,8.859985988599009,Safe Query
125.22755158337726,9.243987712003468,Safe Query
66.58126047273947,5.944307670380111,Safe Query
128.61027968664698,9.434313821246084,Safe Query
119.78963204972015,8.938028132747016,Safe Query
94.654147530899,7.523803037986627,Safe Query
110.5738277842131,8.419509317208737,Safe Query
108.05755268556965,8.27793339544134,Safe Query
134.25076289944414,9.751670461025176,Safe Query
117.37652740567978,8.802257002441994,Safe Query
147.9503672586629,10.522466196376476,Safe Query
136.4186714949146,9.873645859453058,Safe Query
103.25203929161826,8.007555570424902,Safe Query
104.47211505239365,8.076202019515843,Safe Query
105.81034913327154,8.151496538641743,Safe Query
111.79828432575165,8.488402246930887,Safe Query
94.81294820433222,7.532737812936596,Safe Query
55.35887923498943,5.3128906329440415,Safe Query
68.23401008671851,6.0372981189109325,Safe Query
76.99634630959197,6.530302968920355,Safe Query
92.48824714942967,7.401940629886579,Safe Query
90.52912301694201,7.291712298706407,Safe Query
88.41213053527785,7.172601648949618,Safe Query
79.89559505216695,6.693426553215374,Safe Query
89.12171816605745,7.212525949339715,Safe Query
56.958350739932385,5.40288343729801,Safe Query
98.44339407705242,7.7370015363800695,Safe Query
121.57933086771908,9.038723903245566,Safe Query
94.47916135494258,7.513957600510042,Safe Query
86.2661909151682,7.05186231486886,Safe Query
107.27156546747698,8.2337105420026,Safe Query
86.37902465029387,7.058210801989957,Safe Query
110.49001791116461,8.414793831196716,Safe Query
81.79066383798677,6.800050868779957,Safe Query
124.86485418834015,9.223580874113328,Safe Query
100.53348756820367,7.854598738986931,Safe Query
93.0576287359096,7.433976365163194,Safe Query
84.28391383608603,6.940331304280734,Safe Query
72.58012347546551,6.281828221938698,Safe Query
111.46461789524788,8.469628809763037,Safe Query
148.47248092905804,10.55184244549701,Safe Query
159.3542275076173,11.164093984738209,Safe Query
97.58424746942292,7.68866243666317,Safe Query
121.5805642073721,9.038793295975449,Safe Query
110.59530637404467,8.420717790461644,Safe Query
111.9028736392266,8.494286869192665,Safe Query
110.552403874948,8.418303920507993,Safe Query
97.50722912633863,7.684329069885813,Safe Query
132.3821014182721,9.646531928354092,Safe Query
115.66880631986254,8.706173634221827,Safe Query
81.06791168257438,6.7593858784269365,Safe Query
108.7411717293364,8.316396596985241,Safe Query
132.12657486922885,9.632154960296686,Safe Query
153.24353012020504,10.820281173598872,Safe Query
127.35885372234526,9.36390348156773,Safe Query
126.73758990025712,9.32894863965864,Safe Query
100.45455728014565,7.8501577983707,Safe Query
121.02926599529002,9.00777500525425,Safe Query
172.88896741665397,11.9256137722753,Safe Query
124.35197350405443,9.194724110529096,Safe Query
116.82907424103088,8.771455049805166,Safe Query
93.0490298911093,7.433492559008854,Safe Query
93.779736172661,7.474605081009203,Safe Query
104.20519884156643,8.06118422253375,Safe Query
89.25653499114729,7.220111294953212,Safe Query
129.36177127043982,9.476595809305843,Safe Query
98.04196115964197,7.714415279678328,Safe Query
88.50198179313705,7.177657047963911,Safe Query
141.80725138661032,10.176829388787892,Safe Query
130.76922950899922,9.555785162481332,Safe Query
115.57959376409421,8.701154171197718,Safe Query
139.238010673146,10.03227340504544,Safe Query
122.794226030279,9.107078870706358,Safe Query
98.00670908295305,7.712431853758748,Safe Query
138.34439325602938,9.981994836694989,Safe Query
125.35331487684999,9.25106366892388,Safe Query
129.72618113844302,9.497098997924411,Safe Query
115.10708140239939,8.674568694439037,Safe Query
73.14611322229987,6.313673118453458,Safe Query
84.3244960394588,6.942614624913262,Safe Query
128.9210370154556,9.451798298716682,Safe Query
153.43632099288936,10.831128376086127,Safe Query
85.43746889163099,7.005235026606748,Safe Query
148.0362193435498,10.527296585573612,Safe Query
126.43799083942461,9.31209197195133,Safe Query
136.62012922973742,9.884980695028105,Safe Query
59.42677620057908,5.5417671428569015,Safe Query
119.32604790202943,8.911944993800304,Safe Query
129.13673313447458,9.46393424398285,Safe Query
98.8878387815383,7.762007812023839,Safe Query
112.95328462509251,8.553387284579973,Safe Query
161.5372323774783,11.286918761265982,Safe Query
115.84285429906438,8.715966284914328,Safe Query
148.66714388110267,10.562794978820788,Safe Query
97.4817735891915,7.682896837322038,Safe Query
132.67314027227653,9.662906963837301,Safe Query
90.34669839716645,7.281448343977564,Safe Query
19.41061562918188,3.290294391907709,Safe Query
168.3799965680354,11.67192064291133,Safe Query
137.1755413688023,9.916230452096125,Safe Query
144.3768405904171,10.321404980021386,Safe Query
101.8395612413042,7.928083782122727,Safe Query
95.94674368592538,7.596529780869196,Safe Query
148.7509354716806,10.56750943618629,Safe Query
97.97580483494302,7.7106930544514265,Safe Query
136.27797425315146,9.865729657562618,Safe Query
19.185773886855902,3.277643876493576,Safe Query
89.05247056625325,7.208629796340489,Safe Query
135.35249742129125,9.813658548320383,Safe Query
89.88643048482228,7.2555517899858275,Safe Query
28.55780356122129,3.8049525720710173,Safe Query
143.3506632510238,10.263668048634297,Safe Query
124.49374978659873,9.202701023664224,Safe Query
123.69526178858732,9.157774825253084,Safe Query
116.7438686659658,8.766661035893069,Safe Query
28.89476787443716,3.823911561599616,Safe Query
100.19342308690018,7.835465321330472,Safe Query
100.11009327798351,7.830776845688663,Safe Query
119.2819492700763,8.90946382452322,Safe Query
98.88702725071303,7.761962151982655,Safe Query
152.93142114976936,10.8027206472458,Safe Query
123.71153902244654,9.158690648959595,Safe Query
138.44953065833258,9.987910296674436,Safe Query
139.35877649066296,10.039068183542504,Safe Query
95.08744548659472,7.548182151983592,Safe Query
97.3970819602486,7.678131740119417,Safe Query
112.18047544320842,8.509905881320634,Safe Query
73.51683089859571,6.334531210148339,Safe Query
127.0035907099847,9.343914932433368,Safe Query
128.08363149711548,9.404682441545093,Safe Query
67.44291592719036,5.992787928073539,Safe Query
92.11968704155147,7.381203931809458,Safe Query
107.04416313354686,8.220915957238965,Safe Query
140.56830766705178,10.107121351217204,Safe Query
137.69450471163427,9.94542945091169,Safe Query
84.99762742136241,6.980487747734746,Safe Query
140.56396927706828,10.106877255664521,Safe Query
99.92736506484557,7.820495809556383,Safe Query
96.00303283757228,7.599696838610304,Safe Query
101.95262151273437,7.934445015102231,Safe Query
103.51245825012496,8.022207805435361,Safe Query
104.0633470728273,8.053203062236769,Safe Query
130.352182453658,9.532320390560272,Safe Query
84.21186000579188,6.936277261284296,Safe Query
79.21546915125982,6.655159890166203,Safe Query
120.71975368867083,8.990360577820782,Safe Query
117.37074109678784,8.801931441053476,Safe Query
35.01747081116277,4.168399854013347,Safe Query
43.76097311802028,4.660345030928249,Safe Query
114.7396292401786,8.653894333913085,Safe Query
135.33810145789528,9.81284857257941,Safe Query
150.22314796323127,10.650342128303748,Safe Query
74.3942583776671,6.383898866411577,Safe Query
139.56122868186912,10.050458971298301,Safe Query
142.19613647817087,10.198709653520856,Safe Query
124.33833169575006,9.19395656663602,Safe Query
113.66100583860093,8.593206572705826,Safe Query
125.51287451793422,9.260041146496008,Safe Query
108.76918104817793,8.31797251574516,Safe Query
135.15102416527472,9.802322839459537,Safe Query
120.44016754025908,8.974629918364617,Safe Query
119.4315234132101,8.917879477167144,Safe Query
102.53121519474433,7.966999060525767,Safe Query
69.03245041800695,6.082221635397412,Safe Query
140.2885505712021,10.09138107355947,Safe Query
108.92558237321057,8.326772293547307,Safe Query
137.29462081238654,9.922930348303053,Safe Query
53.97947241762394,5.2352795673789,Safe Query
131.48838840490112,9.59624798136764,Safe Query
40.98837872870201,4.504347538219099,Safe Query
91.81013653151724,7.363787354895714,Safe Query
102.31767528402752,7.9549844323517025,Safe Query
106.02310409876874,8.163467002589464,Safe Query
121.56378039166151,9.037848969903438,Safe Query
97.03602851451585,7.657817397536419,Safe Query
134.2219349926022,9.750048485158556,Safe Query
143.65236137302702,10.280642818102518,Safe Query
125.36382789022906,9.251655174026203,Safe Query
116.17510863720395,8.734660271994153,Safe Query
67.71088768106871,6.007865114221987,Safe Query
147.37945460571632,10.490344317042553,Safe Query
106.88518442567035,8.21197116534354,Safe Query
120.68845217094977,8.988599426495767,Safe Query
143.34446626115843,10.263319380655645,Safe Query
139.54010710013688,10.049270584780253,Safe Query
93.73130926364283,7.471880385173565,Safe Query
48.125856286177026,4.905931198462926,Safe Query
95.45160171036366,7.568671069540825,Safe Query
87.42759242100362,7.1172075105588455,Safe Query
167.33809135928092,11.613298797309792,Safe Query
89.84421435436182,7.25317653793703,Safe Query
159.07065368723775,11.148138962558406,Safe Query
140.5949574121736,10.108620774802693,Safe Query
71.50224917873777,6.221182608432096,Safe Query
91.06649268729879,7.321946912740308,Safe Query
143.52369720631748,10.273403646197126,Safe Query
80.04913076204924,6.702065099796594,Safe Query
146.28875776521156,10.428977254813745,Safe Query
117.79072870302451,8.825561660386766,Safe Query
88.21709396204993,7.1616280941709745,Safe Query
75.99432546743134,6.4739251808019125,Safe Query
66.9555866585076,5.965368791566887,Safe Query
154.4563838915926,10.88852128404857,Safe Query
133.16644706011175,9.690662420003257,Safe Query
112.44532431532322,8.524807361376977,Safe Query
69.8286860046497,6.127021103938719,Safe Query
78.90544602398495,6.6377167218747815,Safe Query
83.53180147547039,6.898014388779635,Safe Query
129.7603589025197,9.499021978625413,Safe Query
140.53689105844688,10.105353724408655,Safe Query
106.45966519772652,8.188029714363726,Safe Query
103.42745305544317,8.01742506574264,Safe Query
78.81378825163591,6.632559680971561,Safe Query
69.96238039079718,6.134543296549598,Safe Query
109.82232391695037,8.377226638030756,Safe Query
137.72948349790502,9.947397500395331,Safe Query
133.74373576723465,9.723143042205852,Safe Query
145.6289474503529,10.391853629671125,Safe Query
154.86557954212725,10.911544303844334,Safe Query
56.06177152593872,5.352438226149566,Safe Query
105.46286359672827,8.131945582085573,Safe Query
124.2879957092764,9.191124458299804,Safe Query
145.86264092869106,10.405002179932815,Safe Query
138.67321096741838,10.000495465107376,Safe Query
31.753631036562872,3.9847628880714336,Safe Query
127.40240776077138,9.366354009787079,Safe Query
146.55245513237128,10.443813946494794,Safe Query
108.50302219125909,8.302997330589468,Safe Query
111.60636140157811,8.477603878774396,Safe Query
103.21681329664487,8.005573611969238,Safe Query
84.71599822254636,6.964642137912319,Safe Query
41.263532866451044,4.519828834640517,Safe Query
136.83563340676474,9.897105840853305,Safe Query
115.97704319152436,8.723516300471534,Safe Query
100.24042704550848,7.838109956160056,Safe Query
134.88440413468825,9.78732170678836,Safe Query
160.63315856500105,11.23605187337434,Safe Query
101.55104446608279,7.911850649100287,Safe Query
55.88526620267908,5.342507315236523,Safe Query
126.56798110285482,9.319405755478353,Safe Query
103.13898385264383,8.001194609339109,Safe Query
131.21803441073735,9.581036760643853,Safe Query
126.1367345248279,9.295142060373589,Safe Query
95.50871763109932,7.571884644690101,Safe Query
124.44446187894003,9.199927884525929,Safe Query
112.46851763757138,8.526112312484232,Safe Query
85.53553819014647,7.010752806177788,Safe Query
119.53407749136595,8.923649588771296,Safe Query
136.1565466355601,9.858897643488408,Safe Query
98.41590458939044,7.735454865447008,Safe Query
120.43757005710202,8.974483773345563,Safe Query
130.23130013534404,9.525519057252199,Safe Query
66.99221093172874,5.967429422871922,Safe Query
111.93569145716324,8.49613333376535,Safe Query
122.93709928501917,9.115117503980857,Safe Query
137.37514440675182,9.927460934844419,Safe Query
81.08830803109399,6.760533460360211,Safe Query
118.20708595456495,8.848987621126573,Safe Query
121.24904775415717,9.020140825317425,Safe Query
80.93654388390364,6.751994589136909,Safe Query
93.22945270166908,7.443643883769265,Safe Query
81.58881553520973,6.788694058255444,Safe Query
86.45228376050655,7.062332658960926,Safe Query
133.24705687402593,9.695197857608846,Safe Query
146.0096807450909,10.413275240996185,Safe Query
40.17117375356977,4.458368246173637,Safe Query
115.80185424233595,8.713659454144127,Safe Query
141.32146771176875,10.149497213708019,Safe Query
119.0490527451616,8.896360114118504,Safe Query
80.29015974290019,6.7156263754118966,Safe Query
124.0978281368752,9.180424853408637,Safe Query
132.94042472629422,9.677945479686404,Safe Query
147.22706926732587,10.481770495063351,Safe Query
87.45451598379749,7.118722340245733,Safe Query
135.27233418748222,9.809148237136805,Safe Query
114.18399556996297,8.622632112597065,Safe Query
39.601951282240684,4.426341463365757,Safe Query
91.9434363914278,7.371287349847965,Safe Query
135.96266057611146,9.84798882131746,Safe Query
111.40501380092358,8.466275239797804,Safe Query
110.11218483679255,8.393535398123452,Safe Query
135.8684221308696,9.842686581209358,Safe Query
83.77073457855589,6.911457741745418,Safe Query
114.64400123441666,8.648513911450603,Safe Query
58.2511399721226,5.4756210434909764,Safe Query
137.5553120041434,9.937597900268859,Safe Query
136.17313656556942,9.8598310607584,Safe Query
88.32150524874918,7.167502699918706,Safe Query
88.11249373142839,7.155742857665907,Safe Query
113.36965606175697,8.576814043432837,Safe Query
90.5789052387833,7.294513249981015,Safe Query
96.41899088974765,7.623100338762193,Safe Query
135.5224859865707,9.823222799793655,Safe Query
112.28203153391117,8.51561984207162,Safe Query
128.81243468685628,9.445687887821695,Safe Query
140.15313899248787,10.08376226467614,Safe Query
76.53719768480617,6.5044693906214945,Safe Query
113.64424671202164,8.592263635745255,Safe Query
107.68331700113676,8.256877366229588,Safe Query
103.81664331485578,8.039322500466266,Safe Query
104.49021556467757,8.077220428318777,Safe Query
87.58303607747074,7.125953406013237,Safe Query
100.92213808281976,7.876465805462219,Safe Query
58.34933070288982,5.481145655336827,Safe Query
95.20509292154757,7.554801477531899,Safe Query
80.33963993358574,6.718410333179198,Safe Query
134.14951672303297,9.745973937318938,Safe Query
119.9237729263834,8.945575446739245,Safe Query
97.94450030331393,7.708931733551627,Safe Query
130.0876158804466,9.517434793794068,Safe Query
84.06684244222672,6.9281179804309145,Safe Query
105.07457841478633,8.11009907071975,Safe Query
113.29925382809,8.57285292601318,Safe Query
100.95781178428199,7.878472953714846,Safe Query
135.7303890096053,9.834920273627187,Safe Query
118.83608052215229,8.884377426375162,Safe Query
98.42478133181261,7.735954307257401,Safe Query
87.69089187227866,7.132021813865827,Safe Query
82.29861262714272,6.828630143786158,Safe Query
105.28884988205812,8.122154859255673,Safe Query
150.16036627537102,10.646809773938472,Safe Query
142.21709119177945,10.19988865135623,Safe Query
116.28940883035548,8.741091268037607,Safe Query
100.6223078412964,7.859596130584342,Safe Query
83.95387879744764,6.921762184061741,Safe Query
113.11465562839298,8.562466676793928,Safe Query
105.36857343343375,8.126640432108443,Safe Query
101.81739873459428,7.926836828910883,Safe Query
88.69357753407961,7.188437007454538,Safe Query
101.3763630876866,7.902022360780234,Safe Query
169.39085977012812,11.72879593834074,Safe Query
129.78575643556164,9.500450947641149,Safe Query
96.76331963729315,7.642473681466674,Safe Query
100.54909704116525,7.855476991736018,Safe Query
119.98772367517499,8.949173577250795,Safe Query
171.6214295940517,11.854296913595302,Safe Query
109.71793680980085,8.37135339272332,Safe Query
129.90509028519094,9.507165157772,Safe Query
129.14377191686205,9.464330274649436,Safe Query
130.0898923639719,9.517562878061826,Safe Query
152.21817083899677,10.762590269508902,Safe Query
117.97003425889392,8.835650123831766,Safe Query
128.7480604600242,9.442065930704713,Safe Query
85.49760379153865,7.008618461863652,Safe Query
84.8800327022315,6.973871388194047,Safe Query
131.25499325400114,9.58311621622697,Safe Query
108.00017583155378,8.274705139119211,Safe Query
140.50706782876324,10.1036757476108,Safe Query
150.586994411255,10.670813616611415,Safe Query
68.83116787289715,6.070896656711668,Safe Query
105.39058140671432,8.127878690637928,Safe Query
128.53605435282142,9.43013760058543,Safe Query
104.75446071263283,8.092087940386316,Safe Query
88.60514719529421,7.183461555155028,Safe Query
130.97499043855285,9.567362113380293,Safe Query
62.04021890632537,5.688810111350999,Safe Query
121.5856730491517,9.039080740295228,Safe Query
94.19046232325033,7.497714212993623,Safe Query
102.32679493187362,7.955497541014067,Safe Query
88.28040961067785,7.165190491351486,Safe Query
134.48307281922538,9.764741166627465,Safe Query
117.79604598767368,8.825860832554353,Safe Query
127.90363835995994,9.3945552919666,Safe Query
66.9659350931512,5.9659510367968736,Safe Query
152.92454544562767,10.80233379202787,Safe Query
75.98471164419198,6.473384267812092,Safe Query
78.07296135450312,6.590877731772842,Safe Query
124.10976635250732,9.181096546214915,Safe Query
123.31602574707456,9.136437455514166,Safe Query
90.67820747502522,7.300100399667905,Safe Query
107.89272360118511,8.268659437451454,Safe Query
112.8421106974154,8.547132185010026,Safe Query
103.73180291963155,8.034549033064607,Safe Query
116.1986894107317,8.735987022694019,Safe Query
81.60878774069796,6.789817776168183,Safe Query
45.50448277358935,4.758442010360514,Safe Query
83.96761037789547,6.922534778902532,Safe Query
126.38163847603943,9.308921357659463,Safe Query
119.51334010600412,8.922482818711364,Safe Query
133.5143000371147,9.710234050261521,Safe Query
127.21269767262588,9.355680144830004,Safe Query
159.88571528461705,11.193997659410904,Safe Query
130.5632193778009,9.544194190479285,Safe Query
105.61392512931806,8.140444921339665,Safe Query
92.4735366593515,7.401112957588908,Safe Query
56.69480713405173,5.388055396854987,Safe Query
110.78852422741133,8.431589016627276,Safe Query
102.02128234202523,7.9383081539940825,Safe Query
115.07440129263871,8.672729977891183,Safe Query
108.07393265423153,8.278854999427756,Safe Query
60.371480398171215,5.594920062282818,Safe Query
95.39780900570007,7.565644472110673,Safe Query
108.26833089456464,8.289792638988692,Safe Query
126.0630659638674,9.290997166030008,Safe Query
107.95035573729194,8.271902056987429,Safe Query
82.84248797637375,6.8592307939040476,Safe Query
19.046649945282944,3.2698161949023525,Safe Query
127.84653897682804,9.391342647290505,Safe Query
142.9105428346329,10.238905075113324,Safe Query
140.70892338609596,10.115032966306268,Safe Query
112.018556483687,8.500795658850038,Safe Query
102.890469621529,7.987212182949652,Safe Query
94.11445663236722,7.493437822168093,Safe Query
119.30676604804373,8.910860117884758,Safe Query
61.412638815216134,5.653499890330429,Safe Query
115.40887775069402,8.691548990519891,Safe Query
133.43278221494214,9.70564752440003,Safe Query
94.33709120956736,7.505964153450948,Safe Query
146.14269966129183,10.420759428907038,Safe Query
105.24131225988688,8.119480198332807,Safe Query
95.16973747434005,7.552812235564436,Safe Query
97.79197974278317,7.700350303422122,Safe Query
85.61407270362452,7.01517147889851,Safe Query
96.4620826471181,7.6255248571598795,Safe Query
117.68637706447743,8.819690410687873,Safe Query
96.76004600228725,7.642289493380984,Safe Query
100.88788080193152,7.87453835082039,Safe Query
111.61840204257634,8.478281334450411,Safe Query
128.14508419405792,9.408140021449377,Safe Query
114.99513607480579,8.668270192756863,Safe Query
149.0287906359341,10.583142703398696,Safe Query
107.23031572393067,8.231389662831484,Safe Query
59.684927044836876,5.556291764489303,Safe Query
130.40063498405107,9.535046527959183,Safe Query
124.26307342174414,9.189722228538903,Safe Query
103.34420475215794,8.012741175940791,Safe Query
80.75347365778438,6.741694309956397,Safe Query
65.95968334847548,5.9093352008100535,Safe Query
158.30239065940603,11.104913344507453,Safe Query
125.52420607613759,9.260678706275765,Safe Query
153.30345537369547,10.823652813291458,Safe Query
105.61129478734672,8.140296927549416,Safe Query
87.35521538871498,7.11313528289718,Safe Query
81.13729163141494,6.763289477923896,Safe Query
112.29879857408405,8.516563224283313,Safe Query
118.24603595243968,8.851179107206503,Safe Query
99.88083511916535,7.817877844631557,Safe Query
134.99901645300213,9.79377026426919,Safe Query
125.11589992060506,9.237705733104436,Safe Query
110.49592644018192,8.415126269189035,Safe Query
163.46106327575694,11.39516135083627,Safe Query
125.40650113454905,9.25405614516909,Safe Query
57.54140617348642,5.4356885190998385,Safe Query
124.28289799165724,9.190837639870757,Safe Query
145.8712026072792,10.405483894964151,Safe Query
102.76904392853123,7.980380277160946,Safe Query
134.80952536565994,9.783108721192425,Safe Query
71.55073983235971,6.223910890799684,Safe Query
77.04808396281943,6.533213940757143,Safe Query
101.25972866968769,7.895460031706238,Safe Query
69.05755145482763,6.083633922323878,Safe Query
145.52565539540416,10.386041996476289,Safe Query
139.37682375666762,10.040083596492133,Safe Query
114.10019709582582,8.617917267934388,Safe Query
105.77808575850555,8.149681269308003,Safe Query
12.38258306604242,2.894868554377399,Safe Query
130.9578541617589,9.566397956407124,Safe Query
95.36704003856258,7.563913284258171,Safe Query
90.37616704881292,7.283106370765787,Safe Query
94.01958429760566,7.488099916844731,Safe Query
119.00487927947611,8.893874734389772,Safe Query
95.76120892883657,7.586090837103112,Safe Query
134.70613210504445,9.777291393753123,Safe Query
120.66023596929654,8.987011867663275,Safe Query
137.6808658461181,9.944662072591905,Safe Query
81.60811425313902,6.7897798830053855,Safe Query
129.43052825863845,9.480464358490874,Safe Query
86.19379204093009,7.047788858289845,Safe Query
150.9851738835039,10.69321682119063,Safe Query
84.60833713230738,6.958584684934588,Safe Query
161.83836598916562,11.30386176907652,Safe Query
78.16563431444607,6.596091891279451,Safe Query
146.93338960208544,10.465246876746273,Safe Query
144.96320695255446,10.354396348198,Safe Query
157.1867339680462,11.042141939051673,Safe Query
82.18895175108256,6.822460174684445,Safe Query
147.53892313619787,10.499316668359779,Safe Query
140.43891319709627,10.09984108946624,Safe Query
126.44912492331177,9.312718421018927,Safe Query
144.3441730305448,10.319566969581548,Safe Query
111.99505086003163,8.49947313638915,Safe Query
97.0082650792111,7.656255313189274,Safe Query
106.9612798521308,8.216252605059424,Safe Query
88.46718192061554,7.175699064899073,Safe Query
129.53967401733635,9.486605344984358,Safe Query
127.77446410951742,9.387287420665537,Safe Query
103.08791469835027,7.998321249984684,Safe Query
59.49453695676479,5.545579639957007,Safe Query
153.3415686041415,10.825797219415747,Safe Query
78.73967667959863,6.628389861014091,Safe Query
67.3856682330878,5.989566938816045,Safe Query
141.58278885129312,10.164200209109998,Safe Query
38.273932846857576,4.351621718209586,Safe Query
71.31925591870203,6.210886659678025,Safe Query
111.92753987953732,8.495674692690345,Safe Query
93.39749540201024,7.453098652927816,Safe Query
135.6669400125583,9.831350373719586,Safe Query
109.50006429925239,8.359094994774182,Safe Query
140.9479403607041,10.12848103822672,Safe Query
32.32155879605309,4.016716825099411,Safe Query
98.14851707925,7.7204105512392225,Safe Query
98.44327923500806,7.736995074897264,Safe Query
94.09223546828203,7.492187568652569,Safe Query
150.9427053520241,10.69082736802885,Safe Query
95.31841623801552,7.561177510500368,Safe Query
42.694754369958396,4.600355206229065,Safe Query
60.297402370964306,5.590752129694612,Safe Query
126.80041363575218,9.33248335979571,Safe Query
137.50030999010508,9.9345032621505,Safe Query
140.0288614197091,10.076769900474526,Safe Query
124.99927152774563,9.231143743029415,Safe Query
104.35238174253227,8.06946533411963,Safe Query
96.87058981241742,7.648509139962271,Safe Query
115.06104345249007,8.671978411207204,Safe Query
153.9988879251136,10.862780691060925,Safe Query
150.7805793688841,10.68170549756331,Safe Query
60.09567473080891,5.579402108142374,Safe Query
123.84480088077758,9.16618850578766,Safe Query
104.2739429723326,8.06505204830708,Safe Query
97.97640669665455,7.710726917651294,Safe Query
159.09763714723923,11.149657162307012,Safe Query
74.44927748565902,6.386994466305633,Safe Query
83.76131722201855,6.910927882775267,Safe Query
153.9501157774965,10.860036570690625,Safe Query
85.7700552217613,7.023947692912916,Safe Query
110.11187018302411,8.393517694416362,Safe Query
126.83437867384725,9.334394371663517,Safe Query
104.50639359602832,8.078130670486694,Safe Query
167.05395871458435,11.597312333389844,Safe Query
125.44419777136149,9.25617711203282,Safe Query
49.157642051281265,4.963983682803713,Safe Query
129.42282899225685,9.480031166295198,Safe Query
129.5406435737507,9.486659896191076,Safe Query
35.14322828379902,4.175475483429707,Safe Query
139.0453281678871,10.021432299752469,Safe Query
102.76008102922698,7.97987598781222,Safe Query
88.50935574482877,7.178071936625483,Safe Query
197.2203018936708,13.294594098898408,Safe Query
73.65129884776603,6.342096926576651,Safe Query
98.78312056964121,7.756115937409987,Safe Query
133.60086110500077,9.715104329740004,Safe Query
137.3591762299344,9.92656249995028,Safe Query
69.89296680459208,6.130637804477024,Safe Query
81.14910750327438,6.7639542871694704,Safe Query
117.33825372232994,8.80010356858152,Safe Query
118.86882852913439,8.886219963098206,Safe Query
144.7304355809858,10.34129967943207,Safe Query
64.13672968647285,5.806768376866037,Safe Query
67.14718216156001,5.976148737672842,Safe Query
129.2907301565387,9.472598745872933,Safe Query
128.80612203523108,9.445332712239694,Safe Query
111.62459890483758,8.478629995249532,Safe Query
104.94920851394905,8.103045247676913,Safe Query
89.65666519545935,7.242624255691486,Safe Query
125.79172726889966,9.275730542014244,Safe Query
97.4494519056874,7.681078287300367,Safe Query
96.0358292064698,7.60154209637238,Safe Query
80.91854035746171,6.750981637153855,Safe Query
96.89620000391778,7.649950074012073,Safe Query
99.94746016914523,7.821626442258575,Safe Query
151.38449186154708,10.715684082759221,Safe Query
78.4517188423721,6.612188176127779,Safe Query
140.23759142281807,10.08851390358714,Safe Query
136.47022011528503,9.876546195528677,Safe Query
75.77586362348974,6.461633624547308,Safe Query
101.5500559142462,7.911795029133474,Safe Query
52.5929448680304,5.15726786031419,Safe Query
93.6964352308829,7.469918229550599,Safe Query
119.15823616010724,8.902503219306396,Safe Query
153.0681120061353,10.81041143351858,Safe Query
13.495320432205599,2.95747570666552,Safe Query
131.78225338044086,9.612782025999573,Safe Query
83.14717170531222,6.876373545821454,Safe Query
73.16169059081652,6.314549564875251,Safe Query
101.22196846489737,7.893335488248252,Safe Query
93.44886236178309,7.455988768035717,Safe Query
120.13813186287653,8.957636156651072,Safe Query
40.28160529421122,4.464581576014614,Safe Query
91.20390271215526,7.329678162371808,Safe Query
103.22088369639972,8.005802629296305,Safe Query
134.52843365684404,9.767293352754278,Safe Query
180.6033683971883,12.359657502347286,Safe Query
124.82018232127726,9.221067452285997,Safe Query
138.439109963994,9.987323985818666,Safe Query
153.43966733048904,10.831316654716899,Safe Query
64.20048811737901,5.810355686787297,Safe Query
125.64695414543824,9.267585014360195,Safe Query
92.14714326992367,7.382748731438936,Safe Query
75.20685738772386,6.4296190080360285,Safe Query
132.5265977075605,9.654661880186069,Safe Query
79.2995939369029,6.65989309444793,Safe Query
78.25929142634679,6.601361423197709,Safe Query
116.88065281227438,8.774357071039322,Safe Query
47.21843426983362,4.85487592693673,Safe Query
124.72559028663895,9.215745317793234,Safe Query
115.77197882169223,8.71197854086954,Safe Query
153.36949030552614,10.827368208459424,Safe Query
134.04315419596992,9.739989546813076,Safe Query
128.0254441823763,9.401408585390092,Safe Query
124.97210280883965,9.229615119857637,Safe Query
121.12460314346663,9.013139062880164,Safe Query
66.72343311581817,5.95230688437894,Safe Query
132.34509385455274,9.644449731559012,Safe Query
124.56044780557822,9.206453726825405,Safe Query
144.13742428369198,10.307934440043852,Safe Query
121.68855972999653,9.044869565486103,Safe Query
91.08019407659114,7.322717808903294,Safe Query
57.73457289777455,5.446556868534534,Safe Query
51.78624771454717,5.111879781263098,Safe Query
