,query,score,attack
0,Q1,73,0
1,Q2,38,0
2,Q3,128,1
3,Q4,179,1
4,Q5,173,1
5,Q6,91,0
6,Q7,182,1
7,Q8,200,1
8,Q9,15,0
9,Q10,84,0
10,Q11,18,0
11,Q12,70,0
12,Q13,23,0
13,Q14,60,0
14,Q15,177,1
15,Q16,131,1
16,Q17,117,1
17,Q18,171,1
18,Q19,22,0
19,Q20,167,1
20,Q21,98,0
21,Q22,175,1
22,Q23,104,1
23,Q24,101,1
24,Q25,58,0
25,Q26,27,0
26,Q27,184,1
27,Q28,93,0
28,Q29,6,0
29,Q30,198,1
30,Q31,128,1
31,Q32,180,1
32,Q33,109,1
33,Q34,127,1
34,Q35,192,1
35,Q36,81,0
36,Q37,115,1
37,Q38,7,0
38,Q39,58,0
39,Q40,36,0
40,Q41,141,1
41,Q42,150,1
42,Q43,69,0
43,Q44,174,1
44,Q45,192,1
45,Q46,55,0
46,Q47,121,1
47,Q48,93,0
48,Q49,32,0
49,Q50,29,0
50,Q51,85,0
51,Q52,23,0
52,Q53,40,0
53,Q54,49,0
54,Q55,24,0
55,Q56,49,0
56,Q57,115,1
57,Q58,38,0
58,Q59,4,0
59,Q60,54,0
60,Q61,38,0
61,Q62,122,1
62,Q63,44,0
63,Q64,197,1
64,Q65,82,0
65,Q66,121,1
66,Q67,19,0
67,Q68,28,0
68,Q69,92,0
69,Q70,122,1
70,Q71,46,0
71,Q72,169,1
72,Q73,95,0
73,Q74,30,0
74,Q75,75,0
75,Q76,28,0
76,Q77,139,1
77,Q78,156,1
78,Q79,118,1
79,Q80,145,1
80,Q81,109,1
81,Q82,189,1
82,Q83,84,0
83,Q84,198,1
84,Q85,114,1
85,Q86,182,1
86,Q87,200,1
87,Q88,119,1
88,Q89,26,0
89,Q90,105,1
90,Q91,103,1
91,Q92,83,0
92,Q93,103,1
93,Q94,116,1
94,Q95,50,0
95,Q96,15,0
96,Q97,82,0
97,Q98,100,0
98,Q99,178,1
99,Q100,37,0
100,Q101,42,0
101,Q102,179,1
102,Q103,36,0
103,Q104,42,0
104,Q105,115,1
105,Q106,106,1
106,Q107,83,0
107,Q108,155,1
108,Q109,66,0
109,Q110,71,0
110,Q111,4,0
111,Q112,69,0
112,Q113,115,1
113,Q114,124,1
114,Q115,198,1
115,Q116,90,0
116,Q117,28,0
117,Q118,107,1
118,Q119,130,1
119,Q120,183,1
120,Q121,68,0
121,Q122,133,1
122,Q123,176,1
123,Q124,38,0
124,Q125,102,1
125,Q126,199,1
126,Q127,166,1
127,Q128,102,1
128,Q129,93,0
129,Q130,68,0
130,Q131,166,1
131,Q132,74,0
132,Q133,147,1
133,Q134,146,1
134,Q135,81,0
135,Q136,144,1
136,Q137,50,0
137,Q138,86,0
138,Q139,159,1
139,Q140,193,1
140,Q141,135,1
141,Q142,127,1
142,Q143,7,0
143,Q144,17,0
144,Q145,37,0
145,Q146,162,1
146,Q147,87,0
147,Q148,123,1
148,Q149,71,0
149,Q150,90,0
150,Q151,53,0
151,Q152,100,0
152,Q153,88,0
153,Q154,5,0
154,Q155,5,0
155,Q156,18,0
156,Q157,39,0
157,Q158,140,1
158,Q159,110,1
159,Q160,43,0
160,Q161,148,1
161,Q162,135,1
162,Q163,105,1
163,Q164,122,1
164,Q165,140,1
165,Q166,62,0
166,Q167,124,1
167,Q168,107,1
168,Q169,96,0
169,Q170,170,1
170,Q171,175,1
171,Q172,76,0
172,Q173,193,1
173,Q174,143,1
174,Q175,27,0
175,Q176,164,1
176,Q177,157,1
177,Q178,116,1
178,Q179,119,1
179,Q180,139,1
180,Q181,59,0
181,Q182,103,1
182,Q183,187,1
183,Q184,188,1
184,Q185,71,0
185,Q186,90,0
186,Q187,38,0
187,Q188,32,0
188,Q189,29,0
189,Q190,149,1
190,Q191,112,1
191,Q192,146,1
192,Q193,139,1
193,Q194,81,0
194,Q195,74,0
195,Q196,114,1
196,Q197,8,0
197,Q198,195,1
198,Q199,22,0
199,Q200,103,1
200,Q201,166,1
201,Q202,175,1
202,Q203,81,0
203,Q204,84,0
204,Q205,114,1
205,Q206,17,0
206,Q207,133,1
207,Q208,60,0
208,Q209,158,1
209,Q210,100,0
210,Q211,36,0
211,Q212,108,1
212,Q213,120,1
213,Q214,8,0
214,Q215,7,0
215,Q216,59,0
216,Q217,108,1
217,Q218,135,1
218,Q219,114,1
219,Q220,84,0
220,Q221,85,0
221,Q222,79,0
222,Q223,49,0
223,Q224,22,0
224,Q225,175,1
225,Q226,97,0
226,Q227,89,0
227,Q228,102,1
228,Q229,11,0
229,Q230,148,1
230,Q231,3,0
231,Q232,65,0
232,Q233,20,0
233,Q234,12,0
234,Q235,26,0
235,Q236,30,0
236,Q237,95,0
237,Q238,135,1
238,Q239,37,0
239,Q240,56,0
240,Q241,37,0
241,Q242,22,0
242,Q243,137,1
243,Q244,14,0
244,Q245,142,1
245,Q246,193,1
246,Q247,57,0
247,Q248,25,0
248,Q249,99,0
249,Q250,112,1
250,Q251,102,1
251,Q252,132,1
252,Q253,189,1
253,Q254,72,0
254,Q255,7,0
255,Q256,88,0
256,Q257,123,1
257,Q258,37,0
258,Q259,138,1
259,Q260,4,0
260,Q261,92,0
261,Q262,95,0
262,Q263,188,1
263,Q264,120,1
264,Q265,15,0
265,Q266,104,1
266,Q267,19,0
267,Q268,46,0
268,Q269,74,0
269,Q270,22,0
270,Q271,59,0
271,Q272,179,1
272,Q273,46,0
273,Q274,10,0
274,Q275,123,1
275,Q276,179,1
276,Q277,66,0
277,Q278,138,1
278,Q279,115,1
279,Q280,149,1
280,Q281,44,0
281,Q282,165,1
282,Q283,104,1
283,Q284,113,1
284,Q285,101,1
285,Q286,152,1
286,Q287,126,1
287,Q288,60,0
288,Q289,155,1
289,Q290,137,1
290,Q291,147,1
291,Q292,152,1
292,Q293,89,0
293,Q294,120,1
294,Q295,36,0
295,Q296,135,1
296,Q297,166,1
297,Q298,39,0
298,Q299,77,0
299,Q300,32,0
300,Q301,26,0
301,Q302,136,1
302,Q303,81,0
303,Q304,97,0
304,Q305,32,0
305,Q306,61,0
306,Q307,195,1
307,Q308,64,0
308,Q309,106,1
309,Q310,29,0
310,Q311,92,0
311,Q312,81,0
312,Q313,27,0
313,Q314,141,1
314,Q315,6,0
315,Q316,131,1
316,Q317,168,1
317,Q318,102,1
318,Q319,0,0
319,Q320,121,1
320,Q321,180,1
321,Q322,145,1
322,Q323,167,1
323,Q324,26,0
324,Q325,164,1
325,Q326,4,0
326,Q327,96,0
327,Q328,83,0
328,Q329,65,0
329,Q330,171,1
330,Q331,33,0
331,Q332,112,1
332,Q333,5,0
333,Q334,69,0
334,Q335,151,1
335,Q336,73,0
336,Q337,178,1
337,Q338,84,0
338,Q339,60,0
339,Q340,37,0
340,Q341,115,1
341,Q342,15,0
342,Q343,121,1
343,Q344,74,0
344,Q345,2,0
345,Q346,58,0
346,Q347,27,0
347,Q348,69,0
348,Q349,83,0
349,Q350,167,1
350,Q351,80,0
351,Q352,40,0
352,Q353,52,0
353,Q354,12,0
354,Q355,86,0
355,Q356,73,0
356,Q357,87,0
357,Q358,65,0
358,Q359,163,1
359,Q360,85,0
360,Q361,61,0
361,Q362,169,1
362,Q363,151,1
363,Q364,24,0
364,Q365,54,0
365,Q366,181,1
366,Q367,106,1
367,Q368,110,1
368,Q369,154,1
369,Q370,76,0
370,Q371,26,0
371,Q372,121,1
372,Q373,99,0
373,Q374,160,1
374,Q375,76,0
375,Q376,152,1
376,Q377,57,0
377,Q378,82,0
378,Q379,81,0
379,Q380,158,1
380,Q381,169,1
381,Q382,58,0
382,Q383,132,1
383,Q384,121,1
384,Q385,16,0
385,Q386,45,0
386,Q387,116,1
387,Q388,26,0
388,Q389,31,0
389,Q390,172,1
390,Q391,187,1
391,Q392,61,0
392,Q393,114,1
393,Q394,96,0
394,Q395,12,0
395,Q396,40,0
396,Q397,185,1
397,Q398,196,1
398,Q399,106,1
399,Q400,189,1
400,Q401,149,1
401,Q402,85,0
402,Q403,24,0
403,Q404,167,1
404,Q405,191,1
405,Q406,164,1
406,Q407,116,1
407,Q408,58,0
408,Q409,31,0
409,Q410,115,1
410,Q411,190,1
411,Q412,168,1
412,Q413,198,1
413,Q414,125,1
414,Q415,178,1
415,Q416,64,0
416,Q417,146,1
417,Q418,193,1
418,Q419,109,1
419,Q420,42,0
420,Q421,187,1
421,Q422,20,0
422,Q423,63,0
423,Q424,122,1
424,Q425,169,1
425,Q426,13,0
426,Q427,100,0
427,Q428,17,0
428,Q429,192,1
429,Q430,57,0
430,Q431,135,1
431,Q432,192,1
432,Q433,194,1
433,Q434,47,0
434,Q435,134,1
435,Q436,95,0
436,Q437,34,0
437,Q438,42,0
438,Q439,62,0
439,Q440,166,1
440,Q441,44,0
441,Q442,69,0
442,Q443,85,0
443,Q444,53,0
444,Q445,153,1
445,Q446,131,1
446,Q447,151,1
447,Q448,155,1
448,Q449,151,1
449,Q450,4,0
450,Q451,139,1
451,Q452,103,1
452,Q453,188,1
453,Q454,121,1
454,Q455,55,0
455,Q456,54,0
456,Q457,88,0
457,Q458,110,1
458,Q459,107,1
459,Q460,143,1
460,Q461,60,0
461,Q462,127,1
462,Q463,130,1
463,Q464,3,0
464,Q465,144,1
465,Q466,18,0
466,Q467,72,0
467,Q468,92,0
468,Q469,137,1
469,Q470,106,1
470,Q471,110,1
471,Q472,144,1
472,Q473,200,1
473,Q474,184,1
474,Q475,40,0
475,Q476,14,0
476,Q477,101,1
477,Q478,182,1
478,Q479,128,1
479,Q480,43,0
480,Q481,119,1
481,Q482,200,1
482,Q483,35,0
483,Q484,179,1
484,Q485,122,1
485,Q486,138,1
486,Q487,45,0
487,Q488,190,1
488,Q489,6,0
489,Q490,21,0
490,Q491,66,0
491,Q492,15,0
492,Q493,146,1
493,Q494,191,1
494,Q495,59,0
495,Q496,22,0
496,Q497,170,1
497,Q498,115,1
498,Q499,181,1
499,Q500,41,0
500,Q501,144,1
501,Q502,156,1
502,Q503,70,0
503,Q504,114,1
504,Q505,150,1
505,Q506,3,0
506,Q507,6,0
507,Q508,41,0
508,Q509,145,1
509,Q510,200,1
510,Q511,30,0
511,Q512,165,1
512,Q513,7,0
513,Q514,37,0
514,Q515,95,0
515,Q516,31,0
516,Q517,112,1
517,Q518,157,1
518,Q519,189,1
519,Q520,40,0
520,Q521,127,1
521,Q522,193,1
522,Q523,198,1
523,Q524,70,0
524,Q525,165,1
525,Q526,148,1
526,Q527,17,0
527,Q528,173,1
528,Q529,60,0
529,Q530,157,1
530,Q531,42,0
531,Q532,53,0
532,Q533,147,1
533,Q534,115,1
534,Q535,172,1
535,Q536,166,1
536,Q537,25,0
537,Q538,42,0
538,Q539,145,1
539,Q540,49,0
540,Q541,31,0
541,Q542,147,1
542,Q543,57,0
543,Q544,95,0
544,Q545,87,0
545,Q546,181,1
546,Q547,200,1
547,Q548,175,1
548,Q549,197,1
549,Q550,169,1
550,Q551,167,1
551,Q552,104,1
552,Q553,160,1
553,Q554,150,1
554,Q555,31,0
555,Q556,26,0
556,Q557,199,1
557,Q558,11,0
558,Q559,45,0
559,Q560,8,0
560,Q561,33,0
561,Q562,53,0
562,Q563,185,1
563,Q564,20,0
564,Q565,180,1
565,Q566,179,1
566,Q567,101,1
567,Q568,83,0
568,Q569,149,1
569,Q570,51,0
570,Q571,51,0
571,Q572,71,0
572,Q573,199,1
573,Q574,97,0
574,Q575,15,0
575,Q576,163,1
576,Q577,66,0
577,Q578,118,1
578,Q579,144,1
579,Q580,161,1
580,Q581,0,0
581,Q582,3,0
582,Q583,21,0
583,Q584,137,1
584,Q585,6,0
585,Q586,142,1
586,Q587,194,1
587,Q588,34,0
588,Q589,100,0
589,Q590,190,1
590,Q591,86,0
591,Q592,28,0
592,Q593,184,1
593,Q594,137,1
594,Q595,58,0
595,Q596,83,0
596,Q597,139,1
597,Q598,10,0
598,Q599,24,0
599,Q600,179,1
600,Q601,80,0
601,Q602,76,0
602,Q603,167,1
603,Q604,122,1
604,Q605,177,1
605,Q606,31,0
606,Q607,125,1
607,Q608,85,0
608,Q609,61,0
609,Q610,125,1
610,Q611,68,0
611,Q612,101,1
612,Q613,191,1
613,Q614,159,1
614,Q615,8,0
615,Q616,156,1
616,Q617,191,1
617,Q618,129,1
618,Q619,118,1
619,Q620,125,1
620,Q621,101,1
621,Q622,150,1
622,Q623,52,0
623,Q624,130,1
624,Q625,56,0
625,Q626,58,0
626,Q627,31,0
627,Q628,181,1
628,Q629,54,0
629,Q630,31,0
630,Q631,64,0
631,Q632,8,0
632,Q633,179,1
633,Q634,77,0
634,Q635,20,0
635,Q636,109,1
636,Q637,154,1
637,Q638,142,1
638,Q639,116,1
639,Q640,83,0
640,Q641,139,1
641,Q642,94,0
642,Q643,112,1
643,Q644,165,1
644,Q645,12,0
645,Q646,134,1
646,Q647,171,1
647,Q648,104,1
648,Q649,9,0
649,Q650,111,1
650,Q651,150,1
651,Q652,88,0
652,Q653,46,0
653,Q654,193,1
654,Q655,4,0
655,Q656,21,0
656,Q657,120,1
657,Q658,157,1
658,Q659,36,0
659,Q660,174,1
660,Q661,87,0
661,Q662,148,1
662,Q663,36,0
663,Q664,82,0
664,Q665,48,0
665,Q666,178,1
666,Q667,1,0
667,Q668,119,1
668,Q669,30,0
669,Q670,138,1
670,Q671,54,0
671,Q672,115,1
672,Q673,110,1
673,Q674,101,1
674,Q675,97,0
675,Q676,123,1
676,Q677,130,1
677,Q678,89,0
678,Q679,20,0
679,Q680,165,1
680,Q681,81,0
681,Q682,133,1
682,Q683,62,0
683,Q684,166,1
684,Q685,183,1
685,Q686,6,0
686,Q687,50,0
687,Q688,118,1
688,Q689,169,1
689,Q690,57,0
690,Q691,15,0
691,Q692,138,1
692,Q693,17,0
693,Q694,14,0
694,Q695,102,1
695,Q696,81,0
696,Q697,85,0
697,Q698,97,0
698,Q699,89,0
699,Q700,84,0
700,Q701,170,1
701,Q702,44,0
702,Q703,0,0
703,Q704,58,0
704,Q705,102,1
705,Q706,131,1
706,Q707,82,0
707,Q708,49,0
708,Q709,57,0
709,Q710,133,1
710,Q711,0,0
711,Q712,200,1
712,Q713,33,0
713,Q714,61,0
714,Q715,85,0
715,Q716,183,1
716,Q717,60,0
717,Q718,133,1
718,Q719,176,1
719,Q720,159,1
720,Q721,178,1
721,Q722,180,1
722,Q723,56,0
723,Q724,19,0
724,Q725,122,1
725,Q726,3,0
726,Q727,39,0
727,Q728,176,1
728,Q729,89,0
729,Q730,135,1
730,Q731,127,1
731,Q732,65,0
732,Q733,41,0
733,Q734,157,1
734,Q735,69,0
735,Q736,55,0
736,Q737,170,1
737,Q738,184,1
738,Q739,172,1
739,Q740,190,1
740,Q741,186,1
741,Q742,45,0
742,Q743,177,1
743,Q744,45,0
744,Q745,130,1
745,Q746,156,1
746,Q747,27,0
747,Q748,72,0
748,Q749,171,1
749,Q750,42,0
750,Q751,87,0
751,Q752,94,0
752,Q753,86,0
753,Q754,99,0
754,Q755,155,1
755,Q756,145,1
756,Q757,151,1
757,Q758,126,1
758,Q759,55,0
759,Q760,158,1
760,Q761,153,1
761,Q762,111,1
762,Q763,155,1
763,Q764,27,0
764,Q765,108,1
765,Q766,177,1
766,Q767,21,0
767,Q768,133,1
768,Q769,194,1
769,Q770,147,1
770,Q771,101,1
771,Q772,61,0
772,Q773,66,0
773,Q774,42,0
774,Q775,195,1
775,Q776,36,0
776,Q777,31,0
777,Q778,161,1
778,Q779,167,1
779,Q780,157,1
780,Q781,43,0
781,Q782,107,1
782,Q783,129,1
783,Q784,33,0
784,Q785,148,1
785,Q786,172,1
786,Q787,195,1
787,Q788,60,0
788,Q789,19,0
789,Q790,111,1
790,Q791,52,0
791,Q792,126,1
792,Q793,184,1
793,Q794,44,0
794,Q795,182,1
795,Q796,144,1
796,Q797,85,0
797,Q798,150,1
798,Q799,121,1
799,Q800,196,1
800,Q801,30,0
801,Q802,163,1
802,Q803,59,0
803,Q804,50,0
804,Q805,200,1
805,Q806,57,0
806,Q807,20,0
807,Q808,116,1
808,Q809,12,0
809,Q810,158,1
810,Q811,138,1
811,Q812,192,1
812,Q813,184,1
813,Q814,85,0
814,Q815,187,1
815,Q816,92,0
816,Q817,5,0
817,Q818,153,1
818,Q819,106,1
819,Q820,109,1
820,Q821,106,1
821,Q822,43,0
822,Q823,115,1
823,Q824,69,0
824,Q825,199,1
825,Q826,30,0
826,Q827,119,1
827,Q828,34,0
828,Q829,9,0
829,Q830,44,0
830,Q831,156,1
831,Q832,42,0
832,Q833,64,0
833,Q834,11,0
834,Q835,86,0
835,Q836,131,1
836,Q837,164,1
837,Q838,12,0
838,Q839,48,0
839,Q840,151,1
840,Q841,149,1
841,Q842,160,1
842,Q843,28,0
843,Q844,25,0
844,Q845,61,0
845,Q846,163,1
846,Q847,14,0
847,Q848,96,0
848,Q849,66,0
849,Q850,30,0
850,Q851,182,1
851,Q852,180,1
852,Q853,132,1
853,Q854,6,0
854,Q855,83,0
855,Q856,156,1
856,Q857,192,1
857,Q858,38,0
858,Q859,193,1
859,Q860,159,1
860,Q861,118,1
861,Q862,110,1
862,Q863,130,1
863,Q864,65,0
864,Q865,92,0
865,Q866,180,1
866,Q867,138,1
867,Q868,150,1
868,Q869,79,0
869,Q870,34,0
870,Q871,147,1
871,Q872,12,0
872,Q873,158,1
873,Q874,62,0
874,Q875,110,1
875,Q876,155,1
876,Q877,2,0
877,Q878,117,1
878,Q879,3,0
879,Q880,105,1
880,Q881,94,0
881,Q882,11,0
882,Q883,121,1
883,Q884,169,1
884,Q885,29,0
885,Q886,185,1
886,Q887,115,1
887,Q888,128,1
888,Q889,182,1
889,Q890,178,1
890,Q891,155,1
891,Q892,87,0
892,Q893,40,0
893,Q894,69,0
894,Q895,16,0
895,Q896,10,0
896,Q897,71,0
897,Q898,161,1
898,Q899,52,0
899,Q900,193,1
900,Q901,138,1
901,Q902,132,1
902,Q903,50,0
903,Q904,45,0
904,Q905,34,0
905,Q906,75,0
906,Q907,34,0
907,Q908,132,1
908,Q909,53,0
909,Q910,96,0
910,Q911,127,1
911,Q912,121,1
912,Q913,33,0
913,Q914,122,1
914,Q915,192,1
915,Q916,31,0
916,Q917,148,1
917,Q918,191,1
918,Q919,116,1
919,Q920,122,1
920,Q921,164,1
921,Q922,150,1
922,Q923,18,0
923,Q924,71,0
924,Q925,178,1
925,Q926,83,0
926,Q927,80,0
927,Q928,183,1
928,Q929,185,1
929,Q930,177,1
930,Q931,136,1
931,Q932,56,0
932,Q933,138,1
933,Q934,143,1
934,Q935,60,0
935,Q936,172,1
936,Q937,21,0
937,Q938,136,1
938,Q939,112,1
939,Q940,178,1
940,Q941,131,1
941,Q942,69,0
942,Q943,118,1
943,Q944,166,1
944,Q945,86,0
945,Q946,20,0
946,Q947,101,1
947,Q948,192,1
948,Q949,195,1
949,Q950,26,0
950,Q951,191,1
951,Q952,0,0
952,Q953,185,1
953,Q954,41,0
954,Q955,40,0
955,Q956,5,0
956,Q957,96,0
957,Q958,72,0
958,Q959,51,0
959,Q960,193,1
960,Q961,82,0
961,Q962,192,1
962,Q963,23,0
963,Q964,170,1
964,Q965,3,0
965,Q966,11,0
966,Q967,192,1
967,Q968,10,0
968,Q969,178,1
969,Q970,16,0
970,Q971,69,0
971,Q972,184,1
972,Q973,171,1
973,Q974,82,0
974,Q975,9,0
975,Q976,128,1
976,Q977,80,0
977,Q978,153,1
978,Q979,112,1
979,Q980,82,0
980,Q981,54,0
981,Q982,171,1
982,Q983,106,1
983,Q984,173,1
984,Q985,135,1
985,Q986,44,0
986,Q987,152,1
987,Q988,121,1
988,Q989,157,1
989,Q990,4,0
990,Q991,8,0
991,Q992,53,0
992,Q993,168,1
993,Q994,125,1
994,Q995,183,1
995,Q996,145,1
996,Q997,7,0
997,Q998,92,0
998,Q999,117,1
999,Q1000,73,0
1000,Q1001,112,1
1001,Q1002,139,1
1002,Q1003,105,1
1003,Q1004,134,1
1004,Q1005,81,0
1005,Q1006,37,0
1006,Q1007,118,1
1007,Q1008,170,1
1008,Q1009,172,1
1009,Q1010,35,0
1010,Q1011,35,0
1011,Q1012,109,1
1012,Q1013,91,0
1013,Q1014,82,0
1014,Q1015,162,1
1015,Q1016,52,0
1016,Q1017,95,0
1017,Q1018,145,1
1018,Q1019,7,0
1019,Q1020,159,1
1020,Q1021,171,1
1021,Q1022,122,1
1022,Q1023,23,0
1023,Q1024,45,0
1024,Q1025,28,0
1025,Q1026,41,0
1026,Q1027,47,0
1027,Q1028,2,0
1028,Q1029,125,1
1029,Q1030,197,1
1030,Q1031,21,0
1031,Q1032,133,1
1032,Q1033,115,1
1033,Q1034,142,1
1034,Q1035,171,1
1035,Q1036,57,0
1036,Q1037,60,0
1037,Q1038,144,1
1038,Q1039,51,0
1039,Q1040,25,0
1040,Q1041,50,0
1041,Q1042,114,1
1042,Q1043,60,0
1043,Q1044,174,1
1044,Q1045,94,0
1045,Q1046,176,1
1046,Q1047,4,0
1047,Q1048,7,0
1048,Q1049,75,0
1049,Q1050,39,0
1050,Q1051,56,0
1051,Q1052,97,0
1052,Q1053,189,1
1053,Q1054,4,0
1054,Q1055,51,0
1055,Q1056,192,1
1056,Q1057,141,1
1057,Q1058,198,1
1058,Q1059,29,0
1059,Q1060,113,1
1060,Q1061,87,0
1061,Q1062,57,0
1062,Q1063,192,1
1063,Q1064,140,1
1064,Q1065,64,0
1065,Q1066,112,1
1066,Q1067,120,1
1067,Q1068,165,1
1068,Q1069,164,1
1069,Q1070,114,1
1070,Q1071,145,1
1071,Q1072,6,0
1072,Q1073,95,0
1073,Q1074,102,1
1074,Q1075,148,1
1075,Q1076,81,0
1076,Q1077,174,1
1077,Q1078,72,0
1078,Q1079,170,1
1079,Q1080,38,0
1080,Q1081,20,0
1081,Q1082,18,0
1082,Q1083,164,1
1083,Q1084,5,0
1084,Q1085,24,0
1085,Q1086,155,1
1086,Q1087,65,0
1087,Q1088,175,1
1088,Q1089,37,0
1089,Q1090,68,0
1090,Q1091,72,0
1091,Q1092,20,0
1092,Q1093,71,0
1093,Q1094,138,1
1094,Q1095,110,1
1095,Q1096,135,1
1096,Q1097,37,0
1097,Q1098,73,0
1098,Q1099,181,1
1099,Q1100,84,0
1100,Q1101,92,0
1101,Q1102,128,1
1102,Q1103,82,0
1103,Q1104,86,0
1104,Q1105,174,1
1105,Q1106,115,1
1106,Q1107,172,1
1107,Q1108,99,0
1108,Q1109,26,0
1109,Q1110,43,0
1110,Q1111,193,1
1111,Q1112,133,1
1112,Q1113,91,0
1113,Q1114,181,1
1114,Q1115,140,1
1115,Q1116,75,0
1116,Q1117,170,1
1117,Q1118,66,0
1118,Q1119,72,0
1119,Q1120,184,1
1120,Q1121,11,0
1121,Q1122,59,0
1122,Q1123,166,1
1123,Q1124,77,0
1124,Q1125,183,1
1125,Q1126,65,0
1126,Q1127,48,0
1127,Q1128,103,1
1128,Q1129,149,1
1129,Q1130,161,1
1130,Q1131,38,0
1131,Q1132,95,0
1132,Q1133,128,1
1133,Q1134,85,0
1134,Q1135,59,0
1135,Q1136,160,1
1136,Q1137,147,1
1137,Q1138,100,0
1138,Q1139,69,0
1139,Q1140,47,0
1140,Q1141,18,0
1141,Q1142,153,1
1142,Q1143,8,0
1143,Q1144,25,0
1144,Q1145,98,0
1145,Q1146,2,0
1146,Q1147,78,0
1147,Q1148,79,0
1148,Q1149,8,0
1149,Q1150,174,1
1150,Q1151,88,0
1151,Q1152,74,0
1152,Q1153,15,0
1153,Q1154,191,1
1154,Q1155,68,0
1155,Q1156,121,1
1156,Q1157,119,1
1157,Q1158,10,0
1158,Q1159,80,0
1159,Q1160,136,1
1160,Q1161,174,1
1161,Q1162,24,0
1162,Q1163,173,1
1163,Q1164,156,1
1164,Q1165,158,1
1165,Q1166,31,0
1166,Q1167,47,0
1167,Q1168,186,1
1168,Q1169,168,1
1169,Q1170,72,0
1170,Q1171,21,0
1171,Q1172,177,1
1172,Q1173,192,1
1173,Q1174,190,1
1174,Q1175,49,0
1175,Q1176,26,0
1176,Q1177,121,1
1177,Q1178,63,0
1178,Q1179,167,1
1179,Q1180,132,1
1180,Q1181,47,0
1181,Q1182,34,0
1182,Q1183,158,1
1183,Q1184,104,1
1184,Q1185,198,1
1185,Q1186,48,0
1186,Q1187,40,0
1187,Q1188,156,1
1188,Q1189,152,1
1189,Q1190,132,1
1190,Q1191,146,1
1191,Q1192,82,0
1192,Q1193,174,1
1193,Q1194,186,1
1194,Q1195,100,0
1195,Q1196,77,0
1196,Q1197,34,0
1197,Q1198,36,0
1198,Q1199,80,0
1199,Q1200,28,0
1200,Q1201,27,0
1201,Q1202,66,0
1202,Q1203,66,0
1203,Q1204,107,1
1204,Q1205,192,1
1205,Q1206,63,0
1206,Q1207,117,1
1207,Q1208,183,1
1208,Q1209,186,1
1209,Q1210,11,0
1210,Q1211,182,1
1211,Q1212,14,0
1212,Q1213,90,0
1213,Q1214,104,1
1214,Q1215,165,1
1215,Q1216,0,0
1216,Q1217,30,0
1217,Q1218,5,0
1218,Q1219,88,0
1219,Q1220,134,1
1220,Q1221,130,1
1221,Q1222,136,1
1222,Q1223,113,1
1223,Q1224,79,0
1224,Q1225,128,1
1225,Q1226,162,1
1226,Q1227,79,0
1227,Q1228,112,1
1228,Q1229,14,0
1229,Q1230,59,0
1230,Q1231,46,0
1231,Q1232,186,1
1232,Q1233,114,1
1233,Q1234,19,0
1234,Q1235,145,1
1235,Q1236,106,1
1236,Q1237,25,0
1237,Q1238,39,0
1238,Q1239,200,1
1239,Q1240,156,1
1240,Q1241,85,0
1241,Q1242,18,0
1242,Q1243,86,0
1243,Q1244,94,0
1244,Q1245,54,0
1245,Q1246,60,0
1246,Q1247,64,0
1247,Q1248,200,1
1248,Q1249,149,1
1249,Q1250,4,0
1250,Q1251,174,1
1251,Q1252,113,1
1252,Q1253,7,0
1253,Q1254,158,1
1254,Q1255,174,1
1255,Q1256,137,1
1256,Q1257,42,0
1257,Q1258,10,0
1258,Q1259,113,1
1259,Q1260,66,0
1260,Q1261,139,1
1261,Q1262,72,0
1262,Q1263,90,0
1263,Q1264,109,1
1264,Q1265,115,1
1265,Q1266,134,1
1266,Q1267,75,0
1267,Q1268,113,1
1268,Q1269,107,1
1269,Q1270,143,1
1270,Q1271,70,0
1271,Q1272,191,1
1272,Q1273,105,1
1273,Q1274,138,1
1274,Q1275,168,1
1275,Q1276,191,1
1276,Q1277,159,1
1277,Q1278,51,0
1278,Q1279,197,1
1279,Q1280,169,1
1280,Q1281,66,0
1281,Q1282,162,1
1282,Q1283,136,1
1283,Q1284,115,1
1284,Q1285,21,0
1285,Q1286,81,0
1286,Q1287,12,0
1287,Q1288,195,1
1288,Q1289,7,0
1289,Q1290,137,1
1290,Q1291,61,0
1291,Q1292,51,0
1292,Q1293,118,1
1293,Q1294,150,1
1294,Q1295,111,1
1295,Q1296,182,1
1296,Q1297,124,1
1297,Q1298,129,1
1298,Q1299,167,1
1299,Q1300,55,0
1300,Q1301,173,1
1301,Q1302,80,0
1302,Q1303,124,1
1303,Q1304,125,1
1304,Q1305,165,1
1305,Q1306,122,1
1306,Q1307,196,1
1307,Q1308,143,1
1308,Q1309,59,0
1309,Q1310,1,0
1310,Q1311,161,1
1311,Q1312,171,1
1312,Q1313,64,0
1313,Q1314,139,1
1314,Q1315,148,1
1315,Q1316,112,1
1316,Q1317,107,1
1317,Q1318,7,0
1318,Q1319,146,1
1319,Q1320,20,0
1320,Q1321,11,0
1321,Q1322,138,1
1322,Q1323,73,0
1323,Q1324,185,1
1324,Q1325,140,1
1325,Q1326,147,1
1326,Q1327,194,1
1327,Q1328,82,0
1328,Q1329,79,0
1329,Q1330,91,0
1330,Q1331,83,0
1331,Q1332,59,0
1332,Q1333,26,0
1333,Q1334,96,0
1334,Q1335,159,1
1335,Q1336,100,0
1336,Q1337,175,1
1337,Q1338,111,1
1338,Q1339,17,0
1339,Q1340,55,0
1340,Q1341,47,0
1341,Q1342,118,1
1342,Q1343,38,0
1343,Q1344,100,0
1344,Q1345,101,1
1345,Q1346,166,1
1346,Q1347,73,0
1347,Q1348,46,0
1348,Q1349,96,0
1349,Q1350,152,1
1350,Q1351,65,0
1351,Q1352,131,1
1352,Q1353,102,1
1353,Q1354,151,1
1354,Q1355,141,1
1355,Q1356,88,0
1356,Q1357,200,1
1357,Q1358,180,1
1358,Q1359,132,1
1359,Q1360,142,1
1360,Q1361,18,0
1361,Q1362,76,0
1362,Q1363,187,1
1363,Q1364,37,0
1364,Q1365,110,1
1365,Q1366,100,0
1366,Q1367,47,0
1367,Q1368,103,1
1368,Q1369,24,0
1369,Q1370,127,1
1370,Q1371,152,1
1371,Q1372,181,1
1372,Q1373,3,0
1373,Q1374,109,1
1374,Q1375,21,0
1375,Q1376,174,1
1376,Q1377,105,1
1377,Q1378,107,1
1378,Q1379,39,0
1379,Q1380,60,0
1380,Q1381,85,0
1381,Q1382,19,0
1382,Q1383,99,0
1383,Q1384,182,1
1384,Q1385,73,0
1385,Q1386,14,0
1386,Q1387,130,1
1387,Q1388,164,1
1388,Q1389,72,0
1389,Q1390,5,0
1390,Q1391,79,0
1391,Q1392,170,1
1392,Q1393,194,1
1393,Q1394,192,1
1394,Q1395,113,1
1395,Q1396,152,1
1396,Q1397,136,1
1397,Q1398,4,0
1398,Q1399,188,1
1399,Q1400,88,0
1400,Q1401,124,1
1401,Q1402,88,0
1402,Q1403,163,1
1403,Q1404,120,1
1404,Q1405,27,0
1405,Q1406,73,0
1406,Q1407,16,0
1407,Q1408,155,1
1408,Q1409,127,1
1409,Q1410,65,0
1410,Q1411,127,1
1411,Q1412,118,1
1412,Q1413,166,1
1413,Q1414,186,1
1414,Q1415,40,0
1415,Q1416,103,1
1416,Q1417,136,1
1417,Q1418,19,0
1418,Q1419,130,1
1419,Q1420,154,1
1420,Q1421,175,1
1421,Q1422,102,1
1422,Q1423,137,1
1423,Q1424,117,1
1424,Q1425,0,0
1425,Q1426,67,0
1426,Q1427,185,1
1427,Q1428,26,0
1428,Q1429,178,1
1429,Q1430,54,0
1430,Q1431,101,1
1431,Q1432,67,0
1432,Q1433,49,0
1433,Q1434,119,1
1434,Q1435,187,1
1435,Q1436,191,1
1436,Q1437,6,0
1437,Q1438,73,0
1438,Q1439,174,1
1439,Q1440,87,0
1440,Q1441,174,1
1441,Q1442,16,0
1442,Q1443,174,1
1443,Q1444,150,1
1444,Q1445,144,1
1445,Q1446,95,0
1446,Q1447,110,1
1447,Q1448,125,1
1448,Q1449,69,0
1449,Q1450,36,0
1450,Q1451,74,0
1451,Q1452,84,0
1452,Q1453,6,0
1453,Q1454,35,0
1454,Q1455,83,0
1455,Q1456,72,0
1456,Q1457,80,0
1457,Q1458,174,1
1458,Q1459,59,0
1459,Q1460,15,0
1460,Q1461,191,1
1461,Q1462,119,1
1462,Q1463,144,1
1463,Q1464,190,1
1464,Q1465,148,1
1465,Q1466,179,1
1466,Q1467,129,1
1467,Q1468,127,1
1468,Q1469,8,0
1469,Q1470,64,0
1470,Q1471,14,0
1471,Q1472,34,0
1472,Q1473,58,0
1473,Q1474,62,0
1474,Q1475,75,0
1475,Q1476,123,1
1476,Q1477,196,1
1477,Q1478,35,0
1478,Q1479,169,1
1479,Q1480,87,0
1480,Q1481,90,0
1481,Q1482,26,0
1482,Q1483,84,0
1483,Q1484,23,0
1484,Q1485,83,0
1485,Q1486,50,0
1486,Q1487,192,1
1487,Q1488,101,1
1488,Q1489,21,0
1489,Q1490,42,0
1490,Q1491,138,1
1491,Q1492,182,1
1492,Q1493,131,1
1493,Q1494,110,1
1494,Q1495,10,0
1495,Q1496,145,1
1496,Q1497,179,1
1497,Q1498,129,1
1498,Q1499,39,0
1499,Q1500,121,1
1500,Q1501,40,0
1501,Q1502,90,0
1502,Q1503,21,0
1503,Q1504,68,0
1504,Q1505,86,0
1505,Q1506,170,1
1506,Q1507,186,1
1507,Q1508,103,1
1508,Q1509,170,1
1509,Q1510,118,1
1510,Q1511,146,1
1511,Q1512,199,1
1512,Q1513,131,1
1513,Q1514,186,1
1514,Q1515,170,1
1515,Q1516,35,0
1516,Q1517,70,0
1517,Q1518,200,1
1518,Q1519,94,0
1519,Q1520,178,1
1520,Q1521,85,0
1521,Q1522,199,1
1522,Q1523,45,0
1523,Q1524,114,1
1524,Q1525,193,1
1525,Q1526,194,1
1526,Q1527,196,1
1527,Q1528,154,1
1528,Q1529,171,1
1529,Q1530,116,1
1530,Q1531,77,0
1531,Q1532,176,1
1532,Q1533,120,1
1533,Q1534,13,0
1534,Q1535,95,0
1535,Q1536,40,0
1536,Q1537,165,1
1537,Q1538,82,0
1538,Q1539,6,0
1539,Q1540,87,0
1540,Q1541,130,1
1541,Q1542,16,0
1542,Q1543,174,1
1543,Q1544,66,0
1544,Q1545,145,1
1545,Q1546,94,0
1546,Q1547,100,0
1547,Q1548,140,1
1548,Q1549,4,0
1549,Q1550,91,0
1550,Q1551,78,0
1551,Q1552,196,1
1552,Q1553,122,1
1553,Q1554,41,0
1554,Q1555,179,1
1555,Q1556,194,1
1556,Q1557,188,1
1557,Q1558,175,1
1558,Q1559,121,1
1559,Q1560,69,0
1560,Q1561,37,0
1561,Q1562,96,0
1562,Q1563,192,1
1563,Q1564,36,0
1564,Q1565,62,0
1565,Q1566,21,0
1566,Q1567,1,0
1567,Q1568,141,1
1568,Q1569,12,0
1569,Q1570,85,0
1570,Q1571,180,1
1571,Q1572,164,1
1572,Q1573,68,0
1573,Q1574,37,0
1574,Q1575,95,0
1575,Q1576,93,0
1576,Q1577,106,1
1577,Q1578,26,0
1578,Q1579,72,0
1579,Q1580,165,1
1580,Q1581,125,1
1581,Q1582,154,1
1582,Q1583,198,1
1583,Q1584,99,0
1584,Q1585,161,1
1585,Q1586,38,0
1586,Q1587,128,1
1587,Q1588,8,0
1588,Q1589,30,0
1589,Q1590,9,0
1590,Q1591,91,0
1591,Q1592,121,1
1592,Q1593,126,1
1593,Q1594,159,1
1594,Q1595,121,1
1595,Q1596,54,0
1596,Q1597,99,0
1597,Q1598,135,1
1598,Q1599,39,0
1599,Q1600,177,1
1600,Q1601,80,0
1601,Q1602,75,0
1602,Q1603,123,1
1603,Q1604,11,0
1604,Q1605,110,1
1605,Q1606,90,0
1606,Q1607,116,1
1607,Q1608,96,0
1608,Q1609,128,1
1609,Q1610,115,1
1610,Q1611,136,1
1611,Q1612,150,1
1612,Q1613,177,1
1613,Q1614,106,1
1614,Q1615,191,1
1615,Q1616,125,1
1616,Q1617,114,1
1617,Q1618,33,0
1618,Q1619,25,0
1619,Q1620,29,0
1620,Q1621,101,1
1621,Q1622,134,1
1622,Q1623,73,0
1623,Q1624,121,1
1624,Q1625,134,1
1625,Q1626,14,0
1626,Q1627,32,0
1627,Q1628,84,0
1628,Q1629,105,1
1629,Q1630,26,0
1630,Q1631,139,1
1631,Q1632,190,1
1632,Q1633,108,1
1633,Q1634,69,0
1634,Q1635,156,1
1635,Q1636,28,0
1636,Q1637,118,1
1637,Q1638,42,0
1638,Q1639,65,0
1639,Q1640,186,1
1640,Q1641,53,0
1641,Q1642,141,1
1642,Q1643,188,1
1643,Q1644,115,1
1644,Q1645,53,0
1645,Q1646,0,0
1646,Q1647,103,1
1647,Q1648,200,1
1648,Q1649,190,1
1649,Q1650,42,0
1650,Q1651,124,1
1651,Q1652,176,1
1652,Q1653,33,0
1653,Q1654,128,1
1654,Q1655,137,1
1655,Q1656,22,0
1656,Q1657,187,1
1657,Q1658,169,1
1658,Q1659,42,0
1659,Q1660,179,1
1660,Q1661,1,0
1661,Q1662,99,0
1662,Q1663,100,0
1663,Q1664,72,0
1664,Q1665,174,1
1665,Q1666,106,1
1666,Q1667,46,0
1667,Q1668,98,0
1668,Q1669,146,1
1669,Q1670,122,1
1670,Q1671,188,1
1671,Q1672,51,0
1672,Q1673,132,1
1673,Q1674,93,0
1674,Q1675,169,1
1675,Q1676,28,0
1676,Q1677,181,1
1677,Q1678,41,0
1678,Q1679,59,0
1679,Q1680,22,0
1680,Q1681,90,0
1681,Q1682,35,0
1682,Q1683,158,1
1683,Q1684,114,1
1684,Q1685,90,0
1685,Q1686,145,1
1686,Q1687,4,0
1687,Q1688,20,0
1688,Q1689,59,0
1689,Q1690,104,1
1690,Q1691,171,1
1691,Q1692,9,0
1692,Q1693,86,0
1693,Q1694,81,0
1694,Q1695,158,1
1695,Q1696,150,1
1696,Q1697,136,1
1697,Q1698,119,1
1698,Q1699,138,1
1699,Q1700,21,0
1700,Q1701,140,1
1701,Q1702,143,1
1702,Q1703,26,0
1703,Q1704,198,1
1704,Q1705,167,1
1705,Q1706,192,1
1706,Q1707,137,1
1707,Q1708,16,0
1708,Q1709,23,0
1709,Q1710,144,1
1710,Q1711,50,0
1711,Q1712,116,1
1712,Q1713,39,0
1713,Q1714,51,0
1714,Q1715,79,0
1715,Q1716,147,1
1716,Q1717,175,1
1717,Q1718,143,1
1718,Q1719,192,1
1719,Q1720,11,0
1720,Q1721,179,1
1721,Q1722,72,0
1722,Q1723,168,1
1723,Q1724,51,0
1724,Q1725,161,1
1725,Q1726,6,0
1726,Q1727,106,1
1727,Q1728,61,0
1728,Q1729,145,1
1729,Q1730,92,0
1730,Q1731,195,1
1731,Q1732,152,1
1732,Q1733,2,0
1733,Q1734,71,0
1734,Q1735,198,1
1735,Q1736,176,1
1736,Q1737,115,1
1737,Q1738,138,1
1738,Q1739,102,1
1739,Q1740,161,1
1740,Q1741,198,1
1741,Q1742,115,1
1742,Q1743,192,1
1743,Q1744,37,0
1744,Q1745,73,0
1745,Q1746,168,1
1746,Q1747,61,0
1747,Q1748,180,1
1748,Q1749,67,0
1749,Q1750,29,0
1750,Q1751,55,0
1751,Q1752,110,1
1752,Q1753,173,1
1753,Q1754,24,0
1754,Q1755,96,0
1755,Q1756,187,1
1756,Q1757,113,1
1757,Q1758,39,0
1758,Q1759,60,0
1759,Q1760,187,1
1760,Q1761,110,1
1761,Q1762,148,1
1762,Q1763,188,1
1763,Q1764,178,1
1764,Q1765,17,0
1765,Q1766,116,1
1766,Q1767,145,1
1767,Q1768,192,1
1768,Q1769,162,1
1769,Q1770,75,0
1770,Q1771,140,1
1771,Q1772,65,0
1772,Q1773,113,1
1773,Q1774,180,1
1774,Q1775,35,0
1775,Q1776,143,1
1776,Q1777,23,0
1777,Q1778,43,0
1778,Q1779,188,1
1779,Q1780,105,1
1780,Q1781,187,1
1781,Q1782,139,1
1782,Q1783,160,1
1783,Q1784,4,0
1784,Q1785,4,0
1785,Q1786,135,1
1786,Q1787,174,1
1787,Q1788,177,1
1788,Q1789,32,0
1789,Q1790,129,1
1790,Q1791,58,0
1791,Q1792,57,0
1792,Q1793,72,0
1793,Q1794,173,1
1794,Q1795,18,0
1795,Q1796,76,0
1796,Q1797,98,0
1797,Q1798,33,0
1798,Q1799,15,0
1799,Q1800,12,0
1800,Q1801,131,1
1801,Q1802,195,1
1802,Q1803,105,1
1803,Q1804,164,1
1804,Q1805,3,0
1805,Q1806,29,0
1806,Q1807,184,1
1807,Q1808,183,1
1808,Q1809,61,0
1809,Q1810,200,1
1810,Q1811,47,0
1811,Q1812,30,0
1812,Q1813,125,1
1813,Q1814,39,0
1814,Q1815,67,0
1815,Q1816,173,1
1816,Q1817,167,1
1817,Q1818,170,1
1818,Q1819,32,0
1819,Q1820,103,1
1820,Q1821,81,0
1821,Q1822,200,1
1822,Q1823,32,0
1823,Q1824,160,1
1824,Q1825,71,0
1825,Q1826,171,1
1826,Q1827,183,1
1827,Q1828,9,0
1828,Q1829,80,0
1829,Q1830,161,1
1830,Q1831,137,1
1831,Q1832,46,0
1832,Q1833,104,1
1833,Q1834,165,1
1834,Q1835,30,0
1835,Q1836,30,0
1836,Q1837,181,1
1837,Q1838,41,0
1838,Q1839,120,1
1839,Q1840,78,0
1840,Q1841,30,0
1841,Q1842,120,1
1842,Q1843,90,0
1843,Q1844,7,0
1844,Q1845,195,1
1845,Q1846,57,0
1846,Q1847,154,1
1847,Q1848,130,1
1848,Q1849,196,1
1849,Q1850,140,1
1850,Q1851,165,1
1851,Q1852,84,0
1852,Q1853,90,0
1853,Q1854,39,0
1854,Q1855,81,0
1855,Q1856,198,1
1856,Q1857,17,0
1857,Q1858,160,1
1858,Q1859,23,0
1859,Q1860,133,1
1860,Q1861,129,1
1861,Q1862,3,0
1862,Q1863,138,1
1863,Q1864,93,0
1864,Q1865,199,1
1865,Q1866,60,0
1866,Q1867,185,1
1867,Q1868,105,1
1868,Q1869,52,0
1869,Q1870,104,1
1870,Q1871,121,1
1871,Q1872,105,1
1872,Q1873,21,0
1873,Q1874,61,0
1874,Q1875,142,1
1875,Q1876,78,0
1876,Q1877,90,0
1877,Q1878,121,1
1878,Q1879,3,0
1879,Q1880,26,0
1880,Q1881,59,0
1881,Q1882,191,1
1882,Q1883,147,1
1883,Q1884,9,0
1884,Q1885,185,1
1885,Q1886,77,0
1886,Q1887,142,1
1887,Q1888,187,1
1888,Q1889,196,1
1889,Q1890,29,0
1890,Q1891,89,0
1891,Q1892,40,0
1892,Q1893,157,1
1893,Q1894,17,0
1894,Q1895,109,1
1895,Q1896,67,0
1896,Q1897,25,0
1897,Q1898,44,0
1898,Q1899,134,1
1899,Q1900,123,1
1900,Q1901,97,0
1901,Q1902,157,1
1902,Q1903,22,0
1903,Q1904,51,0
1904,Q1905,131,1
1905,Q1906,175,1
1906,Q1907,187,1
1907,Q1908,111,1
1908,Q1909,95,0
1909,Q1910,61,0
1910,Q1911,75,0
1911,Q1912,200,1
1912,Q1913,103,1
1913,Q1914,81,0
1914,Q1915,82,0
1915,Q1916,123,1
1916,Q1917,144,1
1917,Q1918,43,0
1918,Q1919,31,0
1919,Q1920,101,1
1920,Q1921,101,1
1921,Q1922,109,1
1922,Q1923,143,1
1923,Q1924,49,0
1924,Q1925,62,0
1925,Q1926,26,0
1926,Q1927,159,1
1927,Q1928,196,1
1928,Q1929,166,1
1929,Q1930,195,1
1930,Q1931,42,0
1931,Q1932,159,1
1932,Q1933,137,1
1933,Q1934,136,1
1934,Q1935,58,0
1935,Q1936,34,0
1936,Q1937,71,0
1937,Q1938,110,1
1938,Q1939,191,1
1939,Q1940,191,1
1940,Q1941,88,0
1941,Q1942,191,1
1942,Q1943,86,0
1943,Q1944,26,0
1944,Q1945,190,1
1945,Q1946,136,1
1946,Q1947,149,1
1947,Q1948,44,0
1948,Q1949,36,0
1949,Q1950,104,1
1950,Q1951,194,1
1951,Q1952,165,1
1952,Q1953,108,1
1953,Q1954,104,1
1954,Q1955,152,1
1955,Q1956,123,1
1956,Q1957,168,1
1957,Q1958,68,0
1958,Q1959,120,1
1959,Q1960,189,1
1960,Q1961,199,1
1961,Q1962,40,0
1962,Q1963,141,1
1963,Q1964,54,0
1964,Q1965,197,1
1965,Q1966,134,1
1966,Q1967,134,1
1967,Q1968,100,0
1968,Q1969,183,1
1969,Q1970,88,0
1970,Q1971,109,1
1971,Q1972,94,0
1972,Q1973,70,0
1973,Q1974,8,0
1974,Q1975,155,1
1975,Q1976,176,1
1976,Q1977,99,0
1977,Q1978,54,0
1978,Q1979,151,1
1979,Q1980,66,0
1980,Q1981,158,1
1981,Q1982,50,0
1982,Q1983,58,0
1983,Q1984,22,0
1984,Q1985,117,1
1985,Q1986,76,0
1986,Q1987,63,0
1987,Q1988,187,1
1988,Q1989,193,1
1989,Q1990,171,1
1990,Q1991,14,0
1991,Q1992,17,0
1992,Q1993,30,0
1993,Q1994,144,1
1994,Q1995,81,0
1995,Q1996,156,1
1996,Q1997,173,1
1997,Q1998,179,1
1998,Q1999,151,1
1999,Q2000,178,1
2000,Q2001,180,1
2001,Q2002,135,1
2002,Q2003,124,1
2003,Q2004,129,1
2004,Q2005,94,0
2005,Q2006,185,1
2006,Q2007,135,1
2007,Q2008,178,1
2008,Q2009,151,1
2009,Q2010,45,0
2010,Q2011,65,0
2011,Q2012,81,0
2012,Q2013,184,1
2013,Q2014,164,1
2014,Q2015,30,0
2015,Q2016,59,0
2016,Q2017,132,1
2017,Q2018,18,0
2018,Q2019,27,0
2019,Q2020,30,0
2020,Q2021,122,1
2021,Q2022,88,0
2022,Q2023,127,1
2023,Q2024,81,0
2024,Q2025,24,0
2025,Q2026,46,0
2026,Q2027,75,0
2027,Q2028,64,0
2028,Q2029,32,0
2029,Q2030,176,1
2030,Q2031,85,0
2031,Q2032,25,0
2032,Q2033,144,1
2033,Q2034,177,1
2034,Q2035,200,1
2035,Q2036,38,0
2036,Q2037,195,1
2037,Q2038,84,0
2038,Q2039,163,1
2039,Q2040,174,1
2040,Q2041,42,0
2041,Q2042,6,0
2042,Q2043,1,0
2043,Q2044,89,0
2044,Q2045,88,0
2045,Q2046,184,1
2046,Q2047,106,1
2047,Q2048,117,1
2048,Q2049,44,0
2049,Q2050,114,1
2050,Q2051,144,1
2051,Q2052,63,0
2052,Q2053,149,1
2053,Q2054,158,1
2054,Q2055,177,1
2055,Q2056,179,1
2056,Q2057,62,0
2057,Q2058,150,1
2058,Q2059,107,1
2059,Q2060,13,0
2060,Q2061,84,0
2061,Q2062,178,1
2062,Q2063,25,0
2063,Q2064,190,1
2064,Q2065,185,1
2065,Q2066,146,1
2066,Q2067,23,0
2067,Q2068,139,1
2068,Q2069,168,1
2069,Q2070,177,1
2070,Q2071,155,1
2071,Q2072,173,1
2072,Q2073,120,1
2073,Q2074,120,1
2074,Q2075,80,0
2075,Q2076,183,1
2076,Q2077,73,0
2077,Q2078,32,0
2078,Q2079,144,1
2079,Q2080,186,1
2080,Q2081,132,1
2081,Q2082,176,1
2082,Q2083,99,0
2083,Q2084,125,1
2084,Q2085,187,1
2085,Q2086,95,0
2086,Q2087,109,1
2087,Q2088,163,1
2088,Q2089,70,0
2089,Q2090,60,0
2090,Q2091,90,0
2091,Q2092,189,1
2092,Q2093,133,1
2093,Q2094,104,1
2094,Q2095,181,1
2095,Q2096,91,0
2096,Q2097,139,1
2097,Q2098,31,0
2098,Q2099,83,0
2099,Q2100,112,1
2100,Q2101,111,1
2101,Q2102,13,0
2102,Q2103,47,0
2103,Q2104,172,1
2104,Q2105,134,1
2105,Q2106,155,1
2106,Q2107,125,1
2107,Q2108,169,1
2108,Q2109,132,1
2109,Q2110,6,0
2110,Q2111,29,0
2111,Q2112,189,1
2112,Q2113,157,1
2113,Q2114,10,0
2114,Q2115,10,0
2115,Q2116,123,1
2116,Q2117,70,0
2117,Q2118,100,0
2118,Q2119,17,0
2119,Q2120,32,0
2120,Q2121,159,1
2121,Q2122,87,0
2122,Q2123,39,0
2123,Q2124,143,1
2124,Q2125,58,0
2125,Q2126,20,0
2126,Q2127,131,1
2127,Q2128,37,0
2128,Q2129,93,0
2129,Q2130,10,0
2130,Q2131,152,1
2131,Q2132,169,1
2132,Q2133,13,0
2133,Q2134,6,0
2134,Q2135,8,0
2135,Q2136,61,0
2136,Q2137,197,1
2137,Q2138,119,1
2138,Q2139,143,1
2139,Q2140,184,1
2140,Q2141,159,1
2141,Q2142,115,1
2142,Q2143,12,0
2143,Q2144,145,1
2144,Q2145,106,1
2145,Q2146,150,1
2146,Q2147,143,1
2147,Q2148,18,0
2148,Q2149,166,1
2149,Q2150,165,1
2150,Q2151,105,1
2151,Q2152,200,1
2152,Q2153,103,1
2153,Q2154,132,1
2154,Q2155,167,1
2155,Q2156,19,0
2156,Q2157,59,0
2157,Q2158,32,0
2158,Q2159,171,1
2159,Q2160,158,1
2160,Q2161,84,0
2161,Q2162,82,0
2162,Q2163,5,0
2163,Q2164,196,1
2164,Q2165,56,0
2165,Q2166,110,1
2166,Q2167,28,0
2167,Q2168,22,0
2168,Q2169,3,0
2169,Q2170,85,0
2170,Q2171,93,0
2171,Q2172,160,1
2172,Q2173,63,0
2173,Q2174,188,1
2174,Q2175,185,1
2175,Q2176,145,1
2176,Q2177,195,1
2177,Q2178,111,1
2178,Q2179,186,1
2179,Q2180,126,1
2180,Q2181,191,1
2181,Q2182,156,1
2182,Q2183,43,0
2183,Q2184,140,1
2184,Q2185,71,0
2185,Q2186,22,0
2186,Q2187,133,1
2187,Q2188,72,0
2188,Q2189,101,1
2189,Q2190,87,0
2190,Q2191,182,1
2191,Q2192,64,0
2192,Q2193,150,1
2193,Q2194,19,0
2194,Q2195,89,0
2195,Q2196,27,0
2196,Q2197,130,1
2197,Q2198,190,1
2198,Q2199,191,1
2199,Q2200,107,1
2200,Q2201,120,1
2201,Q2202,53,0
2202,Q2203,179,1
2203,Q2204,61,0
2204,Q2205,30,0
2205,Q2206,113,1
2206,Q2207,187,1
2207,Q2208,13,0
2208,Q2209,200,1
2209,Q2210,11,0
2210,Q2211,24,0
2211,Q2212,84,0
2212,Q2213,74,0
2213,Q2214,65,0
2214,Q2215,81,0
2215,Q2216,21,0
2216,Q2217,31,0
2217,Q2218,94,0
2218,Q2219,118,1
2219,Q2220,170,1
2220,Q2221,12,0
2221,Q2222,16,0
2222,Q2223,114,1
2223,Q2224,191,1
2224,Q2225,172,1
2225,Q2226,169,1
2226,Q2227,15,0
2227,Q2228,159,1
2228,Q2229,29,0
2229,Q2230,143,1
2230,Q2231,49,0
2231,Q2232,65,0
2232,Q2233,88,0
2233,Q2234,66,0
2234,Q2235,127,1
2235,Q2236,58,0
2236,Q2237,181,1
2237,Q2238,29,0
2238,Q2239,35,0
2239,Q2240,164,1
2240,Q2241,41,0
2241,Q2242,175,1
2242,Q2243,111,1
2243,Q2244,121,1
2244,Q2245,86,0
2245,Q2246,15,0
2246,Q2247,157,1
2247,Q2248,93,0
2248,Q2249,6,0
2249,Q2250,174,1
2250,Q2251,149,1
2251,Q2252,101,1
2252,Q2253,23,0
2253,Q2254,29,0
2254,Q2255,186,1
2255,Q2256,79,0
2256,Q2257,143,1
2257,Q2258,69,0
2258,Q2259,92,0
2259,Q2260,5,0
2260,Q2261,102,1
2261,Q2262,11,0
2262,Q2263,52,0
2263,Q2264,123,1
2264,Q2265,175,1
2265,Q2266,18,0
2266,Q2267,200,1
2267,Q2268,55,0
2268,Q2269,79,0
2269,Q2270,49,0
2270,Q2271,90,0
2271,Q2272,138,1
2272,Q2273,127,1
2273,Q2274,182,1
2274,Q2275,164,1
2275,Q2276,31,0
2276,Q2277,102,1
2277,Q2278,75,0
2278,Q2279,37,0
2279,Q2280,43,0
2280,Q2281,133,1
2281,Q2282,100,0
2282,Q2283,186,1
2283,Q2284,173,1
2284,Q2285,144,1
2285,Q2286,178,1
2286,Q2287,155,1
2287,Q2288,125,1
2288,Q2289,199,1
2289,Q2290,128,1
2290,Q2291,183,1
2291,Q2292,15,0
2292,Q2293,67,0
2293,Q2294,144,1
2294,Q2295,157,1
2295,Q2296,60,0
2296,Q2297,191,1
2297,Q2298,141,1
2298,Q2299,40,0
2299,Q2300,183,1
2300,Q2301,76,0
2301,Q2302,199,1
2302,Q2303,35,0
2303,Q2304,40,0
2304,Q2305,81,0
2305,Q2306,35,0
2306,Q2307,43,0
2307,Q2308,6,0
2308,Q2309,21,0
2309,Q2310,88,0
2310,Q2311,19,0
2311,Q2312,179,1
2312,Q2313,62,0
2313,Q2314,43,0
2314,Q2315,29,0
2315,Q2316,60,0
2316,Q2317,15,0
2317,Q2318,87,0
2318,Q2319,18,0
2319,Q2320,86,0
2320,Q2321,39,0
2321,Q2322,17,0
2322,Q2323,153,1
2323,Q2324,5,0
2324,Q2325,102,1
2325,Q2326,187,1
2326,Q2327,58,0
2327,Q2328,171,1
2328,Q2329,139,1
2329,Q2330,160,1
2330,Q2331,132,1
2331,Q2332,45,0
2332,Q2333,194,1
2333,Q2334,140,1
2334,Q2335,166,1
2335,Q2336,120,1
2336,Q2337,122,1
2337,Q2338,39,0
2338,Q2339,108,1
2339,Q2340,46,0
2340,Q2341,82,0
2341,Q2342,147,1
2342,Q2343,185,1
2343,Q2344,197,1
2344,Q2345,79,0
2345,Q2346,195,1
2346,Q2347,112,1
2347,Q2348,15,0
2348,Q2349,90,0
2349,Q2350,184,1
2350,Q2351,16,0
2351,Q2352,164,1
2352,Q2353,130,1
2353,Q2354,9,0
2354,Q2355,6,0
2355,Q2356,23,0
2356,Q2357,29,0
2357,Q2358,88,0
2358,Q2359,113,1
2359,Q2360,111,1
2360,Q2361,148,1
2361,Q2362,166,1
2362,Q2363,77,0
2363,Q2364,184,1
2364,Q2365,66,0
2365,Q2366,68,0
2366,Q2367,48,0
2367,Q2368,20,0
2368,Q2369,89,0
2369,Q2370,81,0
2370,Q2371,59,0
2371,Q2372,95,0
2372,Q2373,125,1
2373,Q2374,33,0
2374,Q2375,60,0
2375,Q2376,147,1
2376,Q2377,43,0
2377,Q2378,66,0
2378,Q2379,5,0
2379,Q2380,36,0
2380,Q2381,155,1
2381,Q2382,165,1
2382,Q2383,57,0
2383,Q2384,130,1
2384,Q2385,156,1
2385,Q2386,34,0
2386,Q2387,192,1
2387,Q2388,64,0
2388,Q2389,99,0
2389,Q2390,165,1
2390,Q2391,111,1
2391,Q2392,50,0
2392,Q2393,90,0
2393,Q2394,179,1
2394,Q2395,117,1
2395,Q2396,197,1
2396,Q2397,0,0
2397,Q2398,87,0
2398,Q2399,78,0
2399,Q2400,178,1
2400,Q2401,19,0
2401,Q2402,33,0
2402,Q2403,8,0
2403,Q2404,94,0
2404,Q2405,107,1
2405,Q2406,47,0
2406,Q2407,198,1
2407,Q2408,40,0
2408,Q2409,151,1
2409,Q2410,195,1
2410,Q2411,198,1
2411,Q2412,116,1
2412,Q2413,187,1
2413,Q2414,91,0
2414,Q2415,30,0
2415,Q2416,4,0
2416,Q2417,190,1
2417,Q2418,128,1
2418,Q2419,15,0
2419,Q2420,145,1
2420,Q2421,118,1
2421,Q2422,162,1
2422,Q2423,160,1
2423,Q2424,67,0
2424,Q2425,121,1
2425,Q2426,87,0
2426,Q2427,111,1
2427,Q2428,66,0
2428,Q2429,155,1
2429,Q2430,23,0
2430,Q2431,53,0
2431,Q2432,117,1
2432,Q2433,37,0
2433,Q2434,147,1
2434,Q2435,117,1
2435,Q2436,189,1
2436,Q2437,43,0
2437,Q2438,90,0
2438,Q2439,29,0
2439,Q2440,172,1
2440,Q2441,126,1
2441,Q2442,21,0
2442,Q2443,71,0
2443,Q2444,130,1
2444,Q2445,122,1
2445,Q2446,1,0
2446,Q2447,9,0
2447,Q2448,9,0
2448,Q2449,35,0
2449,Q2450,180,1
2450,Q2451,152,1
2451,Q2452,37,0
2452,Q2453,143,1
2453,Q2454,17,0
2454,Q2455,74,0
2455,Q2456,105,1
2456,Q2457,142,1
2457,Q2458,152,1
2458,Q2459,26,0
2459,Q2460,108,1
2460,Q2461,113,1
2461,Q2462,38,0
2462,Q2463,170,1
2463,Q2464,75,0
2464,Q2465,132,1
2465,Q2466,148,1
2466,Q2467,148,1
2467,Q2468,14,0
2468,Q2469,111,1
2469,Q2470,49,0
2470,Q2471,58,0
2471,Q2472,82,0
2472,Q2473,35,0
2473,Q2474,19,0
2474,Q2475,135,1
2475,Q2476,131,1
2476,Q2477,85,0
2477,Q2478,87,0
2478,Q2479,2,0
2479,Q2480,129,1
2480,Q2481,177,1
2481,Q2482,170,1
2482,Q2483,111,1
2483,Q2484,91,0
2484,Q2485,171,1
2485,Q2486,129,1
2486,Q2487,82,0
2487,Q2488,194,1
2488,Q2489,32,0
2489,Q2490,152,1
2490,Q2491,111,1
2491,Q2492,141,1
2492,Q2493,17,0
2493,Q2494,48,0
2494,Q2495,3,0
2495,Q2496,88,0
2496,Q2497,174,1
2497,Q2498,34,0
2498,Q2499,103,1
2499,Q2500,105,1
2500,Q2501,65,0
2501,Q2502,152,1
2502,Q2503,64,0
2503,Q2504,192,1
2504,Q2505,19,0
2505,Q2506,131,1
2506,Q2507,112,1
2507,Q2508,134,1
2508,Q2509,200,1
2509,Q2510,65,0
2510,Q2511,24,0
2511,Q2512,168,1
2512,Q2513,186,1
2513,Q2514,177,1
2514,Q2515,41,0
2515,Q2516,72,0
2516,Q2517,167,1
2517,Q2518,65,0
2518,Q2519,60,0
2519,Q2520,61,0
2520,Q2521,2,0
2521,Q2522,96,0
2522,Q2523,190,1
2523,Q2524,200,1
2524,Q2525,75,0
2525,Q2526,45,0
2526,Q2527,177,1
2527,Q2528,84,0
2528,Q2529,57,0
2529,Q2530,32,0
2530,Q2531,75,0
2531,Q2532,195,1
2532,Q2533,27,0
2533,Q2534,92,0
2534,Q2535,169,1
2535,Q2536,115,1
2536,Q2537,58,0
2537,Q2538,33,0
2538,Q2539,120,1
2539,Q2540,158,1
2540,Q2541,79,0
2541,Q2542,119,1
2542,Q2543,59,0
2543,Q2544,44,0
2544,Q2545,98,0
2545,Q2546,57,0
2546,Q2547,34,0
2547,Q2548,116,1
2548,Q2549,18,0
2549,Q2550,33,0
2550,Q2551,94,0
2551,Q2552,10,0
2552,Q2553,3,0
2553,Q2554,120,1
2554,Q2555,136,1
2555,Q2556,109,1
2556,Q2557,49,0
2557,Q2558,106,1
2558,Q2559,30,0
2559,Q2560,167,1
2560,Q2561,157,1
2561,Q2562,8,0
2562,Q2563,71,0
2563,Q2564,169,1
2564,Q2565,52,0
2565,Q2566,199,1
2566,Q2567,145,1
2567,Q2568,172,1
2568,Q2569,45,0
2569,Q2570,136,1
2570,Q2571,141,1
2571,Q2572,45,0
2572,Q2573,104,1
2573,Q2574,48,0
2574,Q2575,61,0
2575,Q2576,3,0
2576,Q2577,57,0
2577,Q2578,26,0
2578,Q2579,71,0
2579,Q2580,27,0
2580,Q2581,46,0
2581,Q2582,164,1
2582,Q2583,65,0
2583,Q2584,115,1
2584,Q2585,180,1
2585,Q2586,22,0
2586,Q2587,67,0
2587,Q2588,165,1
2588,Q2589,122,1
2589,Q2590,171,1
2590,Q2591,68,0
2591,Q2592,109,1
2592,Q2593,35,0
2593,Q2594,137,1
2594,Q2595,102,1
2595,Q2596,132,1
2596,Q2597,130,1
2597,Q2598,29,0
2598,Q2599,119,1
2599,Q2600,89,0
2600,Q2601,43,0
2601,Q2602,156,1
2602,Q2603,64,0
2603,Q2604,168,1
2604,Q2605,30,0
2605,Q2606,92,0
2606,Q2607,6,0
2607,Q2608,27,0
2608,Q2609,150,1
2609,Q2610,146,1
2610,Q2611,115,1
2611,Q2612,179,1
2612,Q2613,196,1
2613,Q2614,10,0
2614,Q2615,184,1
2615,Q2616,51,0
2616,Q2617,196,1
2617,Q2618,97,0
2618,Q2619,119,1
2619,Q2620,118,1
2620,Q2621,130,1
2621,Q2622,167,1
2622,Q2623,4,0
2623,Q2624,170,1
2624,Q2625,192,1
2625,Q2626,92,0
2626,Q2627,102,1
2627,Q2628,91,0
2628,Q2629,85,0
2629,Q2630,127,1
2630,Q2631,128,1
2631,Q2632,65,0
2632,Q2633,25,0
2633,Q2634,127,1
2634,Q2635,133,1
2635,Q2636,70,0
2636,Q2637,155,1
2637,Q2638,165,1
2638,Q2639,174,1
2639,Q2640,156,1
2640,Q2641,32,0
2641,Q2642,83,0
2642,Q2643,38,0
2643,Q2644,187,1
2644,Q2645,53,0
2645,Q2646,181,1
2646,Q2647,27,0
2647,Q2648,61,0
2648,Q2649,164,1
2649,Q2650,97,0
2650,Q2651,79,0
2651,Q2652,26,0
2652,Q2653,42,0
2653,Q2654,146,1
2654,Q2655,115,1
2655,Q2656,110,1
2656,Q2657,65,0
2657,Q2658,62,0
2658,Q2659,175,1
2659,Q2660,9,0
2660,Q2661,162,1
2661,Q2662,104,1
2662,Q2663,77,0
2663,Q2664,46,0
2664,Q2665,15,0
2665,Q2666,64,0
2666,Q2667,110,1
2667,Q2668,135,1
2668,Q2669,143,1
2669,Q2670,150,1
2670,Q2671,142,1
2671,Q2672,192,1
2672,Q2673,77,0
2673,Q2674,158,1
2674,Q2675,74,0
2675,Q2676,141,1
2676,Q2677,191,1
2677,Q2678,120,1
2678,Q2679,80,0
2679,Q2680,128,1
2680,Q2681,61,0
2681,Q2682,191,1
2682,Q2683,132,1
2683,Q2684,25,0
2684,Q2685,154,1
2685,Q2686,131,1
2686,Q2687,87,0
2687,Q2688,30,0
2688,Q2689,6,0
2689,Q2690,95,0
2690,Q2691,186,1
2691,Q2692,190,1
2692,Q2693,63,0
2693,Q2694,65,0
2694,Q2695,92,0
2695,Q2696,41,0
2696,Q2697,97,0
2697,Q2698,200,1
2698,Q2699,50,0
2699,Q2700,153,1
2700,Q2701,65,0
2701,Q2702,65,0
2702,Q2703,164,1
2703,Q2704,0,0
2704,Q2705,59,0
2705,Q2706,147,1
2706,Q2707,62,0
2707,Q2708,16,0
2708,Q2709,55,0
2709,Q2710,89,0
2710,Q2711,91,0
2711,Q2712,10,0
2712,Q2713,191,1
2713,Q2714,136,1
2714,Q2715,62,0
2715,Q2716,62,0
2716,Q2717,123,1
2717,Q2718,113,1
2718,Q2719,15,0
2719,Q2720,171,1
2720,Q2721,47,0
2721,Q2722,76,0
2722,Q2723,70,0
2723,Q2724,155,1
2724,Q2725,167,1
2725,Q2726,74,0
2726,Q2727,77,0
2727,Q2728,32,0
2728,Q2729,193,1
2729,Q2730,65,0
2730,Q2731,125,1
2731,Q2732,190,1
2732,Q2733,35,0
2733,Q2734,106,1
2734,Q2735,50,0
2735,Q2736,113,1
2736,Q2737,56,0
2737,Q2738,93,0
2738,Q2739,113,1
2739,Q2740,145,1
2740,Q2741,7,0
2741,Q2742,17,0
2742,Q2743,124,1
2743,Q2744,189,1
2744,Q2745,2,0
2745,Q2746,118,1
2746,Q2747,182,1
2747,Q2748,195,1
2748,Q2749,138,1
2749,Q2750,79,0
2750,Q2751,190,1
2751,Q2752,92,0
2752,Q2753,127,1
2753,Q2754,166,1
2754,Q2755,186,1
2755,Q2756,109,1
2756,Q2757,104,1
2757,Q2758,126,1
2758,Q2759,18,0
2759,Q2760,73,0
2760,Q2761,172,1
2761,Q2762,120,1
2762,Q2763,39,0
2763,Q2764,172,1
2764,Q2765,112,1
2765,Q2766,165,1
2766,Q2767,38,0
2767,Q2768,100,0
2768,Q2769,103,1
2769,Q2770,92,0
2770,Q2771,41,0
2771,Q2772,186,1
2772,Q2773,111,1
2773,Q2774,136,1
2774,Q2775,147,1
2775,Q2776,188,1
2776,Q2777,4,0
2777,Q2778,60,0
2778,Q2779,111,1
2779,Q2780,177,1
2780,Q2781,50,0
2781,Q2782,23,0
2782,Q2783,42,0
2783,Q2784,181,1
2784,Q2785,191,1
2785,Q2786,174,1
2786,Q2787,81,0
2787,Q2788,31,0
2788,Q2789,52,0
2789,Q2790,127,1
2790,Q2791,110,1
2791,Q2792,46,0
2792,Q2793,170,1
2793,Q2794,107,1
2794,Q2795,24,0
2795,Q2796,12,0
2796,Q2797,181,1
2797,Q2798,124,1
2798,Q2799,32,0
2799,Q2800,68,0
2800,Q2801,40,0
2801,Q2802,119,1
2802,Q2803,109,1
2803,Q2804,183,1
2804,Q2805,21,0
2805,Q2806,197,1
2806,Q2807,4,0
2807,Q2808,78,0
2808,Q2809,70,0
2809,Q2810,55,0
2810,Q2811,140,1
2811,Q2812,131,1
2812,Q2813,78,0
2813,Q2814,6,0
2814,Q2815,138,1
2815,Q2816,137,1
2816,Q2817,127,1
2817,Q2818,101,1
2818,Q2819,151,1
2819,Q2820,87,0
2820,Q2821,184,1
2821,Q2822,143,1
2822,Q2823,88,0
2823,Q2824,131,1
2824,Q2825,181,1
2825,Q2826,115,1
2826,Q2827,153,1
2827,Q2828,36,0
2828,Q2829,81,0
2829,Q2830,184,1
2830,Q2831,99,0
2831,Q2832,30,0
2832,Q2833,73,0
2833,Q2834,26,0
2834,Q2835,138,1
2835,Q2836,67,0
2836,Q2837,114,1
2837,Q2838,181,1
2838,Q2839,39,0
2839,Q2840,4,0
2840,Q2841,13,0
2841,Q2842,97,0
2842,Q2843,199,1
2843,Q2844,130,1
2844,Q2845,155,1
2845,Q2846,90,0
2846,Q2847,20,0
2847,Q2848,110,1
2848,Q2849,52,0
2849,Q2850,86,0
2850,Q2851,88,0
2851,Q2852,86,0
2852,Q2853,46,0
2853,Q2854,181,1
2854,Q2855,11,0
2855,Q2856,148,1
2856,Q2857,168,1
2857,Q2858,26,0
2858,Q2859,149,1
2859,Q2860,129,1
2860,Q2861,54,0
2861,Q2862,28,0
2862,Q2863,25,0
2863,Q2864,184,1
2864,Q2865,157,1
2865,Q2866,148,1
2866,Q2867,126,1
2867,Q2868,163,1
2868,Q2869,149,1
2869,Q2870,109,1
2870,Q2871,97,0
2871,Q2872,87,0
2872,Q2873,59,0
2873,Q2874,70,0
2874,Q2875,193,1
2875,Q2876,119,1
2876,Q2877,11,0
2877,Q2878,100,0
2878,Q2879,156,1
2879,Q2880,153,1
2880,Q2881,62,0
2881,Q2882,65,0
2882,Q2883,8,0
2883,Q2884,46,0
2884,Q2885,75,0
2885,Q2886,27,0
2886,Q2887,148,1
2887,Q2888,55,0
2888,Q2889,41,0
2889,Q2890,7,0
2890,Q2891,140,1
2891,Q2892,50,0
2892,Q2893,146,1
2893,Q2894,187,1
2894,Q2895,129,1
2895,Q2896,169,1
2896,Q2897,18,0
2897,Q2898,194,1
2898,Q2899,172,1
2899,Q2900,95,0
2900,Q2901,42,0
2901,Q2902,146,1
2902,Q2903,127,1
2903,Q2904,166,1
2904,Q2905,152,1
2905,Q2906,41,0
2906,Q2907,63,0
2907,Q2908,29,0
2908,Q2909,85,0
2909,Q2910,171,1
2910,Q2911,40,0
2911,Q2912,35,0
2912,Q2913,59,0
2913,Q2914,34,0
2914,Q2915,83,0
2915,Q2916,113,1
2916,Q2917,88,0
2917,Q2918,81,0
2918,Q2919,100,0
2919,Q2920,68,0
2920,Q2921,179,1
2921,Q2922,70,0
2922,Q2923,21,0
2923,Q2924,99,0
2924,Q2925,78,0
2925,Q2926,159,1
2926,Q2927,188,1
2927,Q2928,46,0
2928,Q2929,155,1
2929,Q2930,33,0
2930,Q2931,177,1
2931,Q2932,195,1
2932,Q2933,57,0
2933,Q2934,41,0
2934,Q2935,148,1
2935,Q2936,74,0
2936,Q2937,89,0
2937,Q2938,116,1
2938,Q2939,28,0
2939,Q2940,154,1
2940,Q2941,39,0
2941,Q2942,134,1
2942,Q2943,185,1
2943,Q2944,92,0
2944,Q2945,177,1
2945,Q2946,115,1
2946,Q2947,80,0
2947,Q2948,183,1
2948,Q2949,87,0
2949,Q2950,149,1
2950,Q2951,50,0
2951,Q2952,18,0
2952,Q2953,105,1
2953,Q2954,157,1
2954,Q2955,51,0
2955,Q2956,2,0
2956,Q2957,55,0
2957,Q2958,82,0
2958,Q2959,109,1
2959,Q2960,84,0
2960,Q2961,71,0
2961,Q2962,124,1
2962,Q2963,49,0
2963,Q2964,23,0
2964,Q2965,184,1
2965,Q2966,79,0
2966,Q2967,163,1
2967,Q2968,56,0
2968,Q2969,190,1
2969,Q2970,101,1
2970,Q2971,66,0
2971,Q2972,78,0
2972,Q2973,33,0
2973,Q2974,158,1
2974,Q2975,141,1
2975,Q2976,160,1
2976,Q2977,27,0
2977,Q2978,111,1
2978,Q2979,181,1
2979,Q2980,115,1
2980,Q2981,179,1
2981,Q2982,91,0
2982,Q2983,85,0
2983,Q2984,29,0
2984,Q2985,168,1
2985,Q2986,89,0
2986,Q2987,42,0
2987,Q2988,30,0
2988,Q2989,91,0
2989,Q2990,117,1
2990,Q2991,84,0
2991,Q2992,2,0
2992,Q2993,177,1
2993,Q2994,122,1
2994,Q2995,168,1
2995,Q2996,143,1
2996,Q2997,125,1
2997,Q2998,27,0
2998,Q2999,94,0
2999,Q3000,32,0
3000,Q3001,109,1
3001,Q3002,3,0
3002,Q3003,31,0
3003,Q3004,127,1
3004,Q3005,66,0
3005,Q3006,5,0
3006,Q3007,186,1
3007,Q3008,89,0
3008,Q3009,129,1
3009,Q3010,114,1
3010,Q3011,12,0
3011,Q3012,166,1
3012,Q3013,41,0
3013,Q3014,195,1
3014,Q3015,42,0
3015,Q3016,171,1
3016,Q3017,7,0
3017,Q3018,153,1
3018,Q3019,9,0
3019,Q3020,34,0
3020,Q3021,33,0
3021,Q3022,113,1
3022,Q3023,95,0
3023,Q3024,122,1
3024,Q3025,159,1
3025,Q3026,62,0
3026,Q3027,18,0
3027,Q3028,48,0
3028,Q3029,180,1
3029,Q3030,0,0
3030,Q3031,29,0
3031,Q3032,131,1
3032,Q3033,16,0
3033,Q3034,155,1
3034,Q3035,55,0
3035,Q3036,10,0
3036,Q3037,65,0
3037,Q3038,15,0
3038,Q3039,15,0
3039,Q3040,70,0
3040,Q3041,113,1
3041,Q3042,122,1
3042,Q3043,164,1
3043,Q3044,178,1
3044,Q3045,183,1
3045,Q3046,89,0
3046,Q3047,130,1
3047,Q3048,193,1
3048,Q3049,131,1
3049,Q3050,145,1
3050,Q3051,131,1
3051,Q3052,140,1
3052,Q3053,34,0
3053,Q3054,72,0
3054,Q3055,128,1
3055,Q3056,11,0
3056,Q3057,66,0
3057,Q3058,129,1
3058,Q3059,158,1
3059,Q3060,101,1
3060,Q3061,166,1
3061,Q3062,167,1
3062,Q3063,77,0
3063,Q3064,162,1
3064,Q3065,198,1
3065,Q3066,189,1
3066,Q3067,79,0
3067,Q3068,124,1
3068,Q3069,144,1
3069,Q3070,168,1
3070,Q3071,43,0
3071,Q3072,55,0
3072,Q3073,129,1
3073,Q3074,11,0
3074,Q3075,91,0
3075,Q3076,117,1
3076,Q3077,98,0
3077,Q3078,189,1
3078,Q3079,48,0
3079,Q3080,21,0
3080,Q3081,199,1
3081,Q3082,164,1
3082,Q3083,50,0
3083,Q3084,162,1
3084,Q3085,44,0
3085,Q3086,157,1
3086,Q3087,100,0
3087,Q3088,78,0
3088,Q3089,169,1
3089,Q3090,105,1
3090,Q3091,4,0
3091,Q3092,134,1
3092,Q3093,118,1
3093,Q3094,32,0
3094,Q3095,41,0
3095,Q3096,199,1
3096,Q3097,79,0
3097,Q3098,49,0
3098,Q3099,143,1
3099,Q3100,4,0
3100,Q3101,6,0
3101,Q3102,155,1
3102,Q3103,113,1
3103,Q3104,150,1
3104,Q3105,142,1
3105,Q3106,51,0
3106,Q3107,179,1
3107,Q3108,53,0
3108,Q3109,154,1
3109,Q3110,148,1
3110,Q3111,11,0
3111,Q3112,104,1
3112,Q3113,26,0
3113,Q3114,161,1
3114,Q3115,127,1
3115,Q3116,43,0
3116,Q3117,46,0
3117,Q3118,30,0
3118,Q3119,11,0
3119,Q3120,175,1
3120,Q3121,75,0
3121,Q3122,183,1
3122,Q3123,141,1
3123,Q3124,112,1
3124,Q3125,18,0
3125,Q3126,138,1
3126,Q3127,186,1
3127,Q3128,173,1
3128,Q3129,105,1
3129,Q3130,97,0
3130,Q3131,150,1
3131,Q3132,114,1
3132,Q3133,61,0
3133,Q3134,76,0
3134,Q3135,16,0
3135,Q3136,3,0
3136,Q3137,127,1
3137,Q3138,194,1
3138,Q3139,68,0
3139,Q3140,20,0
3140,Q3141,87,0
3141,Q3142,15,0
3142,Q3143,189,1
3143,Q3144,146,1
3144,Q3145,95,0
3145,Q3146,24,0
3146,Q3147,168,1
3147,Q3148,189,1
3148,Q3149,25,0
3149,Q3150,34,0
3150,Q3151,86,0
3151,Q3152,163,1
3152,Q3153,61,0
3153,Q3154,71,0
3154,Q3155,130,1
3155,Q3156,5,0
3156,Q3157,133,1
3157,Q3158,37,0
3158,Q3159,40,0
3159,Q3160,143,1
3160,Q3161,138,1
3161,Q3162,55,0
3162,Q3163,130,1
3163,Q3164,31,0
3164,Q3165,38,0
3165,Q3166,49,0
3166,Q3167,84,0
3167,Q3168,54,0
3168,Q3169,95,0
3169,Q3170,15,0
3170,Q3171,131,1
3171,Q3172,45,0
3172,Q3173,177,1
3173,Q3174,86,0
3174,Q3175,158,1
3175,Q3176,56,0
3176,Q3177,186,1
3177,Q3178,71,0
3178,Q3179,26,0
3179,Q3180,45,0
3180,Q3181,135,1
3181,Q3182,137,1
3182,Q3183,85,0
3183,Q3184,99,0
3184,Q3185,97,0
3185,Q3186,100,0
3186,Q3187,177,1
3187,Q3188,187,1
3188,Q3189,3,0
3189,Q3190,185,1
3190,Q3191,121,1
3191,Q3192,152,1
3192,Q3193,124,1
3193,Q3194,137,1
3194,Q3195,67,0
3195,Q3196,94,0
3196,Q3197,126,1
3197,Q3198,122,1
3198,Q3199,147,1
3199,Q3200,112,1
3200,Q3201,49,0
3201,Q3202,139,1
3202,Q3203,154,1
3203,Q3204,36,0
3204,Q3205,111,1
3205,Q3206,147,1
3206,Q3207,128,1
3207,Q3208,86,0
3208,Q3209,117,1
3209,Q3210,30,0
3210,Q3211,175,1
3211,Q3212,185,1
3212,Q3213,162,1
3213,Q3214,3,0
3214,Q3215,93,0
3215,Q3216,9,0
3216,Q3217,91,0
3217,Q3218,63,0
3218,Q3219,166,1
3219,Q3220,127,1
3220,Q3221,139,1
3221,Q3222,9,0
3222,Q3223,19,0
3223,Q3224,179,1
3224,Q3225,100,0
3225,Q3226,183,1
3226,Q3227,15,0
3227,Q3228,17,0
3228,Q3229,92,0
3229,Q3230,85,0
3230,Q3231,160,1
3231,Q3232,83,0
3232,Q3233,142,1
3233,Q3234,180,1
3234,Q3235,83,0
3235,Q3236,171,1
3236,Q3237,152,1
3237,Q3238,54,0
3238,Q3239,194,1
3239,Q3240,19,0
3240,Q3241,164,1
3241,Q3242,54,0
3242,Q3243,158,1
3243,Q3244,21,0
3244,Q3245,88,0
3245,Q3246,112,1
3246,Q3247,11,0
3247,Q3248,76,0
3248,Q3249,14,0
3249,Q3250,22,0
3250,Q3251,135,1
3251,Q3252,191,1
3252,Q3253,122,1
3253,Q3254,22,0
3254,Q3255,136,1
3255,Q3256,159,1
3256,Q3257,143,1
3257,Q3258,4,0
3258,Q3259,99,0
3259,Q3260,169,1
3260,Q3261,16,0
3261,Q3262,61,0
3262,Q3263,106,1
3263,Q3264,49,0
3264,Q3265,76,0
3265,Q3266,99,0
3266,Q3267,114,1
3267,Q3268,93,0
3268,Q3269,191,1
3269,Q3270,80,0
3270,Q3271,197,1
3271,Q3272,85,0
3272,Q3273,149,1
3273,Q3274,36,0
3274,Q3275,18,0
3275,Q3276,194,1
3276,Q3277,125,1
3277,Q3278,195,1
3278,Q3279,96,0
3279,Q3280,96,0
3280,Q3281,174,1
3281,Q3282,173,1
3282,Q3283,144,1
3283,Q3284,42,0
3284,Q3285,7,0
3285,Q3286,130,1
3286,Q3287,121,1
3287,Q3288,13,0
3288,Q3289,132,1
3289,Q3290,43,0
3290,Q3291,55,0
3291,Q3292,33,0
3292,Q3293,65,0
3293,Q3294,126,1
3294,Q3295,69,0
3295,Q3296,64,0
3296,Q3297,1,0
3297,Q3298,37,0
3298,Q3299,169,1
3299,Q3300,42,0
3300,Q3301,139,1
3301,Q3302,155,1
3302,Q3303,81,0
3303,Q3304,70,0
3304,Q3305,124,1
3305,Q3306,71,0
3306,Q3307,105,1
3307,Q3308,54,0
3308,Q3309,102,1
3309,Q3310,195,1
3310,Q3311,99,0
3311,Q3312,22,0
3312,Q3313,11,0
3313,Q3314,67,0
3314,Q3315,55,0
3315,Q3316,77,0
3316,Q3317,134,1
3317,Q3318,83,0
3318,Q3319,120,1
3319,Q3320,44,0
3320,Q3321,196,1
3321,Q3322,139,1
3322,Q3323,71,0
3323,Q3324,63,0
3324,Q3325,117,1
3325,Q3326,15,0
3326,Q3327,65,0
3327,Q3328,108,1
3328,Q3329,111,1
3329,Q3330,48,0
3330,Q3331,56,0
3331,Q3332,174,1
3332,Q3333,23,0
3333,Q3334,112,1
3334,Q3335,138,1
3335,Q3336,197,1
3336,Q3337,168,1
3337,Q3338,36,0
3338,Q3339,99,0
3339,Q3340,113,1
3340,Q3341,169,1
3341,Q3342,130,1
3342,Q3343,102,1
3343,Q3344,19,0
3344,Q3345,130,1
3345,Q3346,148,1
3346,Q3347,89,0
3347,Q3348,143,1
3348,Q3349,42,0
3349,Q3350,197,1
3350,Q3351,13,0
3351,Q3352,38,0
3352,Q3353,151,1
3353,Q3354,64,0
3354,Q3355,158,1
3355,Q3356,36,0
3356,Q3357,66,0
3357,Q3358,179,1
3358,Q3359,58,0
3359,Q3360,121,1
3360,Q3361,189,1
3361,Q3362,77,0
3362,Q3363,55,0
3363,Q3364,19,0
3364,Q3365,178,1
3365,Q3366,188,1
3366,Q3367,10,0
3367,Q3368,45,0
3368,Q3369,83,0
3369,Q3370,1,0
3370,Q3371,38,0
3371,Q3372,45,0
3372,Q3373,85,0
3373,Q3374,38,0
3374,Q3375,94,0
3375,Q3376,113,1
3376,Q3377,41,0
3377,Q3378,139,1
3378,Q3379,149,1
3379,Q3380,138,1
3380,Q3381,124,1
3381,Q3382,92,0
3382,Q3383,39,0
3383,Q3384,169,1
3384,Q3385,151,1
3385,Q3386,118,1
3386,Q3387,114,1
3387,Q3388,25,0
3388,Q3389,200,1
3389,Q3390,192,1
3390,Q3391,156,1
3391,Q3392,163,1
3392,Q3393,109,1
3393,Q3394,196,1
3394,Q3395,128,1
3395,Q3396,28,0
3396,Q3397,61,0
3397,Q3398,70,0
3398,Q3399,116,1
3399,Q3400,9,0
3400,Q3401,171,1
3401,Q3402,102,1
3402,Q3403,141,1
3403,Q3404,176,1
3404,Q3405,144,1
3405,Q3406,60,0
3406,Q3407,44,0
3407,Q3408,116,1
3408,Q3409,67,0
3409,Q3410,32,0
3410,Q3411,8,0
3411,Q3412,153,1
3412,Q3413,163,1
3413,Q3414,178,1
3414,Q3415,176,1
3415,Q3416,115,1
3416,Q3417,113,1
3417,Q3418,94,0
3418,Q3419,5,0
3419,Q3420,186,1
3420,Q3421,73,0
3421,Q3422,17,0
3422,Q3423,63,0
3423,Q3424,71,0
3424,Q3425,186,1
3425,Q3426,98,0
3426,Q3427,143,1
3427,Q3428,40,0
3428,Q3429,10,0
3429,Q3430,110,1
3430,Q3431,114,1
3431,Q3432,173,1
3432,Q3433,118,1
3433,Q3434,99,0
3434,Q3435,104,1
3435,Q3436,123,1
3436,Q3437,106,1
3437,Q3438,168,1
3438,Q3439,5,0
3439,Q3440,95,0
3440,Q3441,191,1
3441,Q3442,161,1
3442,Q3443,195,1
3443,Q3444,186,1
3444,Q3445,158,1
3445,Q3446,33,0
3446,Q3447,92,0
3447,Q3448,178,1
3448,Q3449,182,1
3449,Q3450,101,1
3450,Q3451,156,1
3451,Q3452,81,0
3452,Q3453,54,0
3453,Q3454,40,0
3454,Q3455,185,1
3455,Q3456,191,1
3456,Q3457,80,0
3457,Q3458,11,0
3458,Q3459,184,1
3459,Q3460,43,0
3460,Q3461,12,0
3461,Q3462,70,0
3462,Q3463,63,0
3463,Q3464,48,0
3464,Q3465,185,1
3465,Q3466,28,0
3466,Q3467,19,0
3467,Q3468,146,1
3468,Q3469,192,1
3469,Q3470,175,1
3470,Q3471,50,0
3471,Q3472,43,0
3472,Q3473,38,0
3473,Q3474,125,1
3474,Q3475,34,0
3475,Q3476,6,0
3476,Q3477,29,0
3477,Q3478,93,0
3478,Q3479,86,0
3479,Q3480,48,0
3480,Q3481,59,0
3481,Q3482,10,0
3482,Q3483,190,1
3483,Q3484,110,1
3484,Q3485,173,1
3485,Q3486,48,0
3486,Q3487,152,1
3487,Q3488,10,0
3488,Q3489,45,0
3489,Q3490,90,0
3490,Q3491,94,0
3491,Q3492,44,0
3492,Q3493,194,1
3493,Q3494,183,1
3494,Q3495,132,1
3495,Q3496,79,0
3496,Q3497,51,0
3497,Q3498,168,1
3498,Q3499,186,1
3499,Q3500,47,0
3500,Q3501,66,0
3501,Q3502,172,1
3502,Q3503,189,1
3503,Q3504,22,0
3504,Q3505,87,0
3505,Q3506,71,0
3506,Q3507,185,1
3507,Q3508,162,1
3508,Q3509,151,1
3509,Q3510,9,0
3510,Q3511,108,1
3511,Q3512,166,1
3512,Q3513,25,0
3513,Q3514,152,1
3514,Q3515,61,0
3515,Q3516,75,0
3516,Q3517,66,0
3517,Q3518,26,0
3518,Q3519,85,0
3519,Q3520,76,0
3520,Q3521,57,0
3521,Q3522,56,0
3522,Q3523,6,0
3523,Q3524,20,0
3524,Q3525,3,0
3525,Q3526,70,0
3526,Q3527,172,1
3527,Q3528,33,0
3528,Q3529,134,1
3529,Q3530,145,1
3530,Q3531,2,0
3531,Q3532,24,0
3532,Q3533,47,0
3533,Q3534,156,1
3534,Q3535,93,0
3535,Q3536,103,1
3536,Q3537,152,1
3537,Q3538,22,0
3538,Q3539,75,0
3539,Q3540,69,0
3540,Q3541,148,1
3541,Q3542,23,0
3542,Q3543,35,0
3543,Q3544,79,0
3544,Q3545,104,1
3545,Q3546,81,0
3546,Q3547,148,1
3547,Q3548,45,0
3548,Q3549,119,1
3549,Q3550,166,1
3550,Q3551,148,1
3551,Q3552,42,0
3552,Q3553,39,0
3553,Q3554,169,1
3554,Q3555,169,1
3555,Q3556,0,0
3556,Q3557,96,0
3557,Q3558,50,0
3558,Q3559,169,1
3559,Q3560,157,1
3560,Q3561,21,0
3561,Q3562,145,1
3562,Q3563,121,1
3563,Q3564,190,1
3564,Q3565,157,1
3565,Q3566,157,1
3566,Q3567,30,0
3567,Q3568,42,0
3568,Q3569,26,0
3569,Q3570,188,1
3570,Q3571,194,1
3571,Q3572,47,0
3572,Q3573,188,1
3573,Q3574,38,0
3574,Q3575,128,1
3575,Q3576,196,1
3576,Q3577,76,0
3577,Q3578,184,1
3578,Q3579,95,0
3579,Q3580,193,1
3580,Q3581,70,0
3581,Q3582,25,0
3582,Q3583,107,1
3583,Q3584,150,1
3584,Q3585,12,0
3585,Q3586,98,0
3586,Q3587,177,1
3587,Q3588,59,0
3588,Q3589,132,1
3589,Q3590,180,1
3590,Q3591,196,1
3591,Q3592,71,0
3592,Q3593,12,0
3593,Q3594,62,0
3594,Q3595,43,0
3595,Q3596,77,0
3596,Q3597,21,0
3597,Q3598,97,0
3598,Q3599,43,0
3599,Q3600,64,0
3600,Q3601,18,0
3601,Q3602,22,0
3602,Q3603,198,1
3603,Q3604,86,0
3604,Q3605,188,1
3605,Q3606,62,0
3606,Q3607,60,0
3607,Q3608,180,1
3608,Q3609,163,1
3609,Q3610,129,1
3610,Q3611,1,0
3611,Q3612,45,0
3612,Q3613,24,0
3613,Q3614,166,1
3614,Q3615,51,0
3615,Q3616,43,0
3616,Q3617,109,1
3617,Q3618,183,1
3618,Q3619,39,0
3619,Q3620,192,1
3620,Q3621,160,1
3621,Q3622,166,1
3622,Q3623,66,0
3623,Q3624,47,0
3624,Q3625,191,1
3625,Q3626,97,0
3626,Q3627,99,0
3627,Q3628,116,1
3628,Q3629,94,0
3629,Q3630,47,0
3630,Q3631,75,0
3631,Q3632,150,1
3632,Q3633,65,0
3633,Q3634,28,0
3634,Q3635,17,0
3635,Q3636,46,0
3636,Q3637,47,0
3637,Q3638,120,1
3638,Q3639,42,0
3639,Q3640,154,1
3640,Q3641,108,1
3641,Q3642,163,1
3642,Q3643,116,1
3643,Q3644,25,0
3644,Q3645,164,1
3645,Q3646,124,1
3646,Q3647,61,0
3647,Q3648,110,1
3648,Q3649,43,0
3649,Q3650,13,0
3650,Q3651,123,1
3651,Q3652,100,0
3652,Q3653,88,0
3653,Q3654,79,0
3654,Q3655,106,1
3655,Q3656,179,1
3656,Q3657,1,0
3657,Q3658,64,0
3658,Q3659,39,0
3659,Q3660,21,0
3660,Q3661,152,1
3661,Q3662,30,0
3662,Q3663,182,1
3663,Q3664,65,0
3664,Q3665,39,0
3665,Q3666,10,0
3666,Q3667,185,1
3667,Q3668,67,0
3668,Q3669,164,1
3669,Q3670,108,1
3670,Q3671,139,1
3671,Q3672,84,0
3672,Q3673,98,0
3673,Q3674,134,1
3674,Q3675,82,0
3675,Q3676,35,0
3676,Q3677,119,1
3677,Q3678,172,1
3678,Q3679,2,0
3679,Q3680,59,0
3680,Q3681,7,0
3681,Q3682,121,1
3682,Q3683,151,1
3683,Q3684,178,1
3684,Q3685,158,1
3685,Q3686,48,0
3686,Q3687,83,0
3687,Q3688,172,1
3688,Q3689,140,1
3689,Q3690,149,1
3690,Q3691,69,0
3691,Q3692,14,0
3692,Q3693,193,1
3693,Q3694,33,0
3694,Q3695,9,0
3695,Q3696,70,0
3696,Q3697,123,1
3697,Q3698,108,1
3698,Q3699,100,0
3699,Q3700,12,0
3700,Q3701,75,0
3701,Q3702,101,1
3702,Q3703,48,0
3703,Q3704,108,1
3704,Q3705,27,0
3705,Q3706,132,1
3706,Q3707,160,1
3707,Q3708,165,1
3708,Q3709,132,1
3709,Q3710,89,0
3710,Q3711,181,1
3711,Q3712,22,0
3712,Q3713,189,1
3713,Q3714,139,1
3714,Q3715,63,0
3715,Q3716,141,1
3716,Q3717,8,0
3717,Q3718,113,1
3718,Q3719,100,0
3719,Q3720,34,0
3720,Q3721,193,1
3721,Q3722,2,0
3722,Q3723,5,0
3723,Q3724,158,1
3724,Q3725,147,1
3725,Q3726,130,1
3726,Q3727,23,0
3727,Q3728,91,0
3728,Q3729,145,1
3729,Q3730,124,1
3730,Q3731,74,0
3731,Q3732,121,1
3732,Q3733,21,0
3733,Q3734,85,0
3734,Q3735,62,0
3735,Q3736,25,0
3736,Q3737,173,1
3737,Q3738,153,1
3738,Q3739,2,0
3739,Q3740,116,1
3740,Q3741,143,1
3741,Q3742,148,1
3742,Q3743,37,0
3743,Q3744,8,0
3744,Q3745,116,1
3745,Q3746,148,1
3746,Q3747,100,0
3747,Q3748,60,0
3748,Q3749,197,1
3749,Q3750,169,1
3750,Q3751,118,1
3751,Q3752,93,0
3752,Q3753,171,1
3753,Q3754,179,1
3754,Q3755,145,1
3755,Q3756,83,0
3756,Q3757,194,1
3757,Q3758,73,0
3758,Q3759,80,0
3759,Q3760,7,0
3760,Q3761,62,0
3761,Q3762,129,1
3762,Q3763,71,0
3763,Q3764,77,0
3764,Q3765,115,1
3765,Q3766,99,0
3766,Q3767,174,1
3767,Q3768,171,1
3768,Q3769,142,1
3769,Q3770,128,1
3770,Q3771,144,1
3771,Q3772,183,1
3772,Q3773,102,1
3773,Q3774,51,0
3774,Q3775,76,0
3775,Q3776,101,1
3776,Q3777,154,1
3777,Q3778,87,0
3778,Q3779,93,0
3779,Q3780,82,0
3780,Q3781,34,0
3781,Q3782,28,0
3782,Q3783,160,1
3783,Q3784,42,0
3784,Q3785,172,1
3785,Q3786,59,0
3786,Q3787,117,1
3787,Q3788,182,1
3788,Q3789,173,1
3789,Q3790,168,1
3790,Q3791,125,1
3791,Q3792,60,0
3792,Q3793,164,1
3793,Q3794,114,1
3794,Q3795,70,0
3795,Q3796,115,1
3796,Q3797,43,0
3797,Q3798,74,0
3798,Q3799,57,0
3799,Q3800,22,0
3800,Q3801,24,0
3801,Q3802,29,0
3802,Q3803,18,0
3803,Q3804,145,1
3804,Q3805,133,1
3805,Q3806,147,1
3806,Q3807,55,0
3807,Q3808,30,0
3808,Q3809,29,0
3809,Q3810,194,1
3810,Q3811,2,0
3811,Q3812,11,0
3812,Q3813,136,1
3813,Q3814,75,0
3814,Q3815,31,0
3815,Q3816,29,0
3816,Q3817,58,0
3817,Q3818,2,0
3818,Q3819,110,1
3819,Q3820,186,1
3820,Q3821,28,0
3821,Q3822,154,1
3822,Q3823,118,1
3823,Q3824,28,0
3824,Q3825,57,0
3825,Q3826,79,0
3826,Q3827,25,0
3827,Q3828,86,0
3828,Q3829,28,0
3829,Q3830,187,1
3830,Q3831,96,0
3831,Q3832,164,1
3832,Q3833,149,1
3833,Q3834,196,1
3834,Q3835,28,0
3835,Q3836,109,1
3836,Q3837,104,1
3837,Q3838,171,1
3838,Q3839,166,1
3839,Q3840,78,0
3840,Q3841,165,1
3841,Q3842,56,0
3842,Q3843,119,1
3843,Q3844,157,1
3844,Q3845,179,1
3845,Q3846,85,0
3846,Q3847,86,0
3847,Q3848,37,0
3848,Q3849,197,1
3849,Q3850,68,0
3850,Q3851,11,0
3851,Q3852,99,0
3852,Q3853,134,1
3853,Q3854,107,1
3854,Q3855,96,0
3855,Q3856,145,1
3856,Q3857,180,1
3857,Q3858,71,0
3858,Q3859,31,0
3859,Q3860,30,0
3860,Q3861,3,0
3861,Q3862,90,0
3862,Q3863,163,1
3863,Q3864,169,1
3864,Q3865,167,1
3865,Q3866,10,0
3866,Q3867,177,1
3867,Q3868,90,0
3868,Q3869,182,1
3869,Q3870,37,0
3870,Q3871,142,1
3871,Q3872,110,1
3872,Q3873,14,0
3873,Q3874,15,0
3874,Q3875,52,0
3875,Q3876,108,1
3876,Q3877,183,1
3877,Q3878,3,0
3878,Q3879,49,0
3879,Q3880,164,1
3880,Q3881,45,0
3881,Q3882,141,1
3882,Q3883,92,0
3883,Q3884,159,1
3884,Q3885,4,0
3885,Q3886,38,0
3886,Q3887,174,1
3887,Q3888,40,0
3888,Q3889,169,1
3889,Q3890,126,1
3890,Q3891,6,0
3891,Q3892,136,1
3892,Q3893,61,0
3893,Q3894,65,0
3894,Q3895,80,0
3895,Q3896,16,0
3896,Q3897,82,0
3897,Q3898,143,1
3898,Q3899,83,0
3899,Q3900,44,0
3900,Q3901,168,1
3901,Q3902,88,0
3902,Q3903,72,0
3903,Q3904,130,1
3904,Q3905,51,0
3905,Q3906,8,0
3906,Q3907,183,1
3907,Q3908,75,0
3908,Q3909,46,0
3909,Q3910,52,0
3910,Q3911,64,0
3911,Q3912,7,0
3912,Q3913,62,0
3913,Q3914,59,0
3914,Q3915,40,0
3915,Q3916,103,1
3916,Q3917,14,0
3917,Q3918,1,0
3918,Q3919,153,1
3919,Q3920,58,0
3920,Q3921,7,0
3921,Q3922,171,1
3922,Q3923,103,1
3923,Q3924,140,1
3924,Q3925,32,0
3925,Q3926,150,1
3926,Q3927,82,0
3927,Q3928,188,1
3928,Q3929,2,0
3929,Q3930,61,0
3930,Q3931,69,0
3931,Q3932,16,0
3932,Q3933,192,1
3933,Q3934,46,0
3934,Q3935,132,1
3935,Q3936,73,0
3936,Q3937,177,1
3937,Q3938,144,1
3938,Q3939,12,0
3939,Q3940,24,0
3940,Q3941,56,0
3941,Q3942,89,0
3942,Q3943,31,0
3943,Q3944,144,1
3944,Q3945,193,1
3945,Q3946,125,1
3946,Q3947,75,0
3947,Q3948,5,0
3948,Q3949,164,1
3949,Q3950,39,0
3950,Q3951,1,0
3951,Q3952,50,0
3952,Q3953,46,0
3953,Q3954,49,0
3954,Q3955,152,1
3955,Q3956,45,0
3956,Q3957,61,0
3957,Q3958,49,0
3958,Q3959,165,1
3959,Q3960,194,1
3960,Q3961,190,1
3961,Q3962,114,1
3962,Q3963,174,1
3963,Q3964,51,0
3964,Q3965,127,1
3965,Q3966,154,1
3966,Q3967,194,1
3967,Q3968,29,0
3968,Q3969,172,1
3969,Q3970,0,0
3970,Q3971,160,1
3971,Q3972,133,1
3972,Q3973,114,1
3973,Q3974,130,1
3974,Q3975,154,1
3975,Q3976,94,0
3976,Q3977,131,1
3977,Q3978,197,1
3978,Q3979,145,1
3979,Q3980,61,0
3980,Q3981,100,0
3981,Q3982,117,1
3982,Q3983,93,0
3983,Q3984,1,0
3984,Q3985,190,1
3985,Q3986,50,0
3986,Q3987,41,0
3987,Q3988,93,0
3988,Q3989,24,0
3989,Q3990,58,0
3990,Q3991,200,1
3991,Q3992,39,0
3992,Q3993,52,0
3993,Q3994,11,0
3994,Q3995,199,1
3995,Q3996,127,1
3996,Q3997,194,1
3997,Q3998,57,0
3998,Q3999,7,0
3999,Q4000,21,0
4000,Q4001,199,1
4001,Q4002,195,1
4002,Q4003,98,0
4003,Q4004,134,1
4004,Q4005,138,1
4005,Q4006,174,1
4006,Q4007,83,0
4007,Q4008,91,0
4008,Q4009,104,1
4009,Q4010,153,1
4010,Q4011,174,1
4011,Q4012,28,0
4012,Q4013,23,0
4013,Q4014,11,0
4014,Q4015,138,1
4015,Q4016,128,1
4016,Q4017,123,1
4017,Q4018,172,1
4018,Q4019,193,1
4019,Q4020,160,1
4020,Q4021,181,1
4021,Q4022,24,0
4022,Q4023,144,1
4023,Q4024,16,0
4024,Q4025,169,1
4025,Q4026,135,1
4026,Q4027,143,1
4027,Q4028,187,1
4028,Q4029,17,0
4029,Q4030,88,0
4030,Q4031,59,0
4031,Q4032,84,0
4032,Q4033,82,0
4033,Q4034,196,1
4034,Q4035,61,0
4035,Q4036,163,1
4036,Q4037,57,0
4037,Q4038,180,1
4038,Q4039,128,1
4039,Q4040,10,0
4040,Q4041,107,1
4041,Q4042,186,1
4042,Q4043,106,1
4043,Q4044,151,1
4044,Q4045,20,0
4045,Q4046,115,1
4046,Q4047,190,1
4047,Q4048,136,1
4048,Q4049,182,1
4049,Q4050,110,1
4050,Q4051,51,0
4051,Q4052,178,1
4052,Q4053,131,1
4053,Q4054,61,0
4054,Q4055,122,1
4055,Q4056,178,1
4056,Q4057,168,1
4057,Q4058,137,1
4058,Q4059,94,0
4059,Q4060,179,1
4060,Q4061,88,0
4061,Q4062,115,1
4062,Q4063,104,1
4063,Q4064,8,0
4064,Q4065,20,0
4065,Q4066,19,0
4066,Q4067,183,1
4067,Q4068,178,1
4068,Q4069,39,0
4069,Q4070,128,1
4070,Q4071,15,0
4071,Q4072,4,0
4072,Q4073,64,0
4073,Q4074,169,1
4074,Q4075,184,1
4075,Q4076,62,0
4076,Q4077,139,1
4077,Q4078,113,1
4078,Q4079,52,0
4079,Q4080,30,0
4080,Q4081,182,1
4081,Q4082,158,1
4082,Q4083,148,1
4083,Q4084,18,0
4084,Q4085,54,0
4085,Q4086,189,1
4086,Q4087,58,0
4087,Q4088,40,0
4088,Q4089,57,0
4089,Q4090,157,1
4090,Q4091,182,1
4091,Q4092,102,1
4092,Q4093,29,0
4093,Q4094,43,0
4094,Q4095,163,1
4095,Q4096,103,1
4096,Q4097,97,0
4097,Q4098,168,1
4098,Q4099,56,0
4099,Q4100,175,1
4100,Q4101,118,1
4101,Q4102,109,1
4102,Q4103,46,0
4103,Q4104,139,1
4104,Q4105,40,0
4105,Q4106,183,1
4106,Q4107,22,0
4107,Q4108,44,0
4108,Q4109,198,1
4109,Q4110,13,0
4110,Q4111,158,1
4111,Q4112,189,1
4112,Q4113,183,1
4113,Q4114,7,0
4114,Q4115,125,1
4115,Q4116,99,0
4116,Q4117,192,1
4117,Q4118,54,0
4118,Q4119,124,1
4119,Q4120,34,0
4120,Q4121,178,1
4121,Q4122,156,1
4122,Q4123,185,1
4123,Q4124,94,0
4124,Q4125,92,0
4125,Q4126,179,1
4126,Q4127,34,0
4127,Q4128,52,0
4128,Q4129,74,0
4129,Q4130,30,0
4130,Q4131,55,0
4131,Q4132,177,1
4132,Q4133,116,1
4133,Q4134,138,1
4134,Q4135,47,0
4135,Q4136,140,1
4136,Q4137,100,0
4137,Q4138,71,0
4138,Q4139,20,0
4139,Q4140,129,1
4140,Q4141,123,1
4141,Q4142,51,0
4142,Q4143,56,0
4143,Q4144,188,1
4144,Q4145,111,1
4145,Q4146,134,1
4146,Q4147,51,0
4147,Q4148,175,1
4148,Q4149,180,1
4149,Q4150,132,1
4150,Q4151,6,0
4151,Q4152,141,1
4152,Q4153,26,0
4153,Q4154,131,1
4154,Q4155,77,0
4155,Q4156,110,1
4156,Q4157,32,0
4157,Q4158,141,1
4158,Q4159,123,1
4159,Q4160,87,0
4160,Q4161,115,1
4161,Q4162,176,1
4162,Q4163,10,0
4163,Q4164,65,0
4164,Q4165,112,1
4165,Q4166,102,1
4166,Q4167,131,1
4167,Q4168,85,0
4168,Q4169,56,0
4169,Q4170,38,0
4170,Q4171,180,1
4171,Q4172,197,1
4172,Q4173,116,1
4173,Q4174,169,1
4174,Q4175,109,1
4175,Q4176,14,0
4176,Q4177,158,1
4177,Q4178,148,1
4178,Q4179,9,0
4179,Q4180,152,1
4180,Q4181,68,0
4181,Q4182,120,1
4182,Q4183,179,1
4183,Q4184,72,0
4184,Q4185,118,1
4185,Q4186,17,0
4186,Q4187,173,1
4187,Q4188,78,0
4188,Q4189,66,0
4189,Q4190,55,0
4190,Q4191,56,0
4191,Q4192,24,0
4192,Q4193,46,0
4193,Q4194,193,1
4194,Q4195,153,1
4195,Q4196,80,0
4196,Q4197,180,1
4197,Q4198,115,1
4198,Q4199,79,0
4199,Q4200,175,1
4200,Q4201,157,1
4201,Q4202,71,0
4202,Q4203,6,0
4203,Q4204,109,1
4204,Q4205,171,1
4205,Q4206,111,1
4206,Q4207,52,0
4207,Q4208,164,1
4208,Q4209,130,1
4209,Q4210,195,1
4210,Q4211,21,0
4211,Q4212,132,1
4212,Q4213,94,0
4213,Q4214,68,0
4214,Q4215,114,1
4215,Q4216,16,0
4216,Q4217,35,0
4217,Q4218,6,0
4218,Q4219,103,1
4219,Q4220,150,1
4220,Q4221,57,0
4221,Q4222,65,0
4222,Q4223,43,0
4223,Q4224,158,1
4224,Q4225,146,1
4225,Q4226,26,0
4226,Q4227,12,0
4227,Q4228,71,0
4228,Q4229,148,1
4229,Q4230,55,0
4230,Q4231,182,1
4231,Q4232,78,0
4232,Q4233,152,1
4233,Q4234,27,0
4234,Q4235,48,0
4235,Q4236,183,1
4236,Q4237,182,1
4237,Q4238,87,0
4238,Q4239,57,0
4239,Q4240,69,0
4240,Q4241,103,1
4241,Q4242,121,1
4242,Q4243,137,1
4243,Q4244,132,1
4244,Q4245,130,1
4245,Q4246,62,0
4246,Q4247,98,0
4247,Q4248,38,0
4248,Q4249,94,0
4249,Q4250,33,0
4250,Q4251,23,0
4251,Q4252,148,1
4252,Q4253,60,0
4253,Q4254,44,0
4254,Q4255,192,1
4255,Q4256,188,1
4256,Q4257,27,0
4257,Q4258,143,1
4258,Q4259,191,1
4259,Q4260,8,0
4260,Q4261,12,0
4261,Q4262,132,1
4262,Q4263,174,1
4263,Q4264,62,0
4264,Q4265,193,1
4265,Q4266,14,0
4266,Q4267,129,1
4267,Q4268,12,0
4268,Q4269,70,0
4269,Q4270,175,1
4270,Q4271,127,1
4271,Q4272,100,0
4272,Q4273,140,1
4273,Q4274,178,1
4274,Q4275,17,0
4275,Q4276,106,1
4276,Q4277,39,0
4277,Q4278,13,0
4278,Q4279,7,0
4279,Q4280,71,0
4280,Q4281,199,1
4281,Q4282,83,0
4282,Q4283,185,1
4283,Q4284,166,1
4284,Q4285,161,1
4285,Q4286,58,0
4286,Q4287,29,0
4287,Q4288,34,0
4288,Q4289,98,0
4289,Q4290,165,1
4290,Q4291,33,0
4291,Q4292,40,0
4292,Q4293,33,0
4293,Q4294,148,1
4294,Q4295,87,0
4295,Q4296,99,0
4296,Q4297,200,1
4297,Q4298,144,1
4298,Q4299,78,0
4299,Q4300,7,0
4300,Q4301,79,0
4301,Q4302,116,1
4302,Q4303,119,1
4303,Q4304,106,1
4304,Q4305,0,0
4305,Q4306,153,1
4306,Q4307,117,1
4307,Q4308,105,1
4308,Q4309,111,1
4309,Q4310,144,1
4310,Q4311,123,1
4311,Q4312,79,0
4312,Q4313,116,1
4313,Q4314,150,1
4314,Q4315,74,0
4315,Q4316,2,0
4316,Q4317,5,0
4317,Q4318,131,1
4318,Q4319,69,0
4319,Q4320,122,1
4320,Q4321,78,0
4321,Q4322,155,1
4322,Q4323,1,0
4323,Q4324,8,0
4324,Q4325,90,0
4325,Q4326,130,1
4326,Q4327,101,1
4327,Q4328,17,0
4328,Q4329,179,1
4329,Q4330,90,0
4330,Q4331,161,1
4331,Q4332,136,1
4332,Q4333,123,1
4333,Q4334,145,1
4334,Q4335,78,0
4335,Q4336,51,0
4336,Q4337,112,1
4337,Q4338,36,0
4338,Q4339,157,1
4339,Q4340,31,0
4340,Q4341,21,0
4341,Q4342,71,0
4342,Q4343,33,0
4343,Q4344,20,0
4344,Q4345,165,1
4345,Q4346,20,0
4346,Q4347,124,1
4347,Q4348,72,0
4348,Q4349,96,0
4349,Q4350,149,1
4350,Q4351,81,0
4351,Q4352,145,1
4352,Q4353,172,1
4353,Q4354,56,0
4354,Q4355,49,0
4355,Q4356,87,0
4356,Q4357,177,1
4357,Q4358,83,0
4358,Q4359,175,1
4359,Q4360,76,0
4360,Q4361,111,1
4361,Q4362,2,0
4362,Q4363,113,1
4363,Q4364,91,0
4364,Q4365,63,0
4365,Q4366,74,0
4366,Q4367,38,0
4367,Q4368,188,1
4368,Q4369,122,1
4369,Q4370,169,1
4370,Q4371,64,0
4371,Q4372,189,1
4372,Q4373,14,0
4373,Q4374,121,1
4374,Q4375,66,0
4375,Q4376,191,1
4376,Q4377,1,0
4377,Q4378,108,1
4378,Q4379,40,0
4379,Q4380,15,0
4380,Q4381,113,1
4381,Q4382,12,0
4382,Q4383,100,0
4383,Q4384,197,1
4384,Q4385,181,1
4385,Q4386,7,0
4386,Q4387,127,1
4387,Q4388,184,1
4388,Q4389,53,0
4389,Q4390,130,1
4390,Q4391,189,1
4391,Q4392,1,0
4392,Q4393,1,0
4393,Q4394,108,1
4394,Q4395,169,1
4395,Q4396,121,1
4396,Q4397,164,1
4397,Q4398,164,1
4398,Q4399,24,0
4399,Q4400,126,1
4400,Q4401,2,0
4401,Q4402,128,1
4402,Q4403,93,0
4403,Q4404,147,1
4404,Q4405,166,1
4405,Q4406,76,0
4406,Q4407,173,1
4407,Q4408,72,0
4408,Q4409,66,0
4409,Q4410,60,0
4410,Q4411,106,1
4411,Q4412,123,1
4412,Q4413,34,0
4413,Q4414,105,1
4414,Q4415,143,1
4415,Q4416,87,0
4416,Q4417,72,0
4417,Q4418,82,0
4418,Q4419,77,0
4419,Q4420,81,0
4420,Q4421,114,1
4421,Q4422,45,0
4422,Q4423,7,0
4423,Q4424,130,1
4424,Q4425,26,0
4425,Q4426,185,1
4426,Q4427,176,1
4427,Q4428,50,0
4428,Q4429,123,1
4429,Q4430,132,1
4430,Q4431,70,0
4431,Q4432,77,0
4432,Q4433,131,1
4433,Q4434,172,1
4434,Q4435,192,1
4435,Q4436,154,1
4436,Q4437,60,0
4437,Q4438,80,0
4438,Q4439,132,1
4439,Q4440,198,1
4440,Q4441,155,1
4441,Q4442,101,1
4442,Q4443,71,0
4443,Q4444,180,1
4444,Q4445,24,0
4445,Q4446,69,0
4446,Q4447,46,0
4447,Q4448,152,1
4448,Q4449,55,0
4449,Q4450,73,0
4450,Q4451,19,0
4451,Q4452,20,0
4452,Q4453,61,0
4453,Q4454,65,0
4454,Q4455,145,1
4455,Q4456,193,1
4456,Q4457,12,0
4457,Q4458,148,1
4458,Q4459,137,1
4459,Q4460,181,1
4460,Q4461,160,1
4461,Q4462,162,1
4462,Q4463,32,0
4463,Q4464,28,0
4464,Q4465,65,0
4465,Q4466,52,0
4466,Q4467,131,1
4467,Q4468,169,1
4468,Q4469,168,1
4469,Q4470,22,0
4470,Q4471,127,1
4471,Q4472,188,1
4472,Q4473,185,1
4473,Q4474,49,0
4474,Q4475,60,0
4475,Q4476,19,0
4476,Q4477,187,1
4477,Q4478,22,0
4478,Q4479,113,1
4479,Q4480,125,1
4480,Q4481,3,0
4481,Q4482,115,1
4482,Q4483,114,1
4483,Q4484,155,1
4484,Q4485,143,1
4485,Q4486,43,0
4486,Q4487,27,0
4487,Q4488,91,0
4488,Q4489,24,0
4489,Q4490,118,1
4490,Q4491,0,0
4491,Q4492,127,1
4492,Q4493,179,1
4493,Q4494,29,0
4494,Q4495,41,0
4495,Q4496,102,1
4496,Q4497,82,0
4497,Q4498,152,1
4498,Q4499,169,1
4499,Q4500,13,0
4500,Q4501,67,0
4501,Q4502,66,0
4502,Q4503,162,1
4503,Q4504,102,1
4504,Q4505,189,1
4505,Q4506,31,0
4506,Q4507,111,1
4507,Q4508,118,1
4508,Q4509,152,1
4509,Q4510,66,0
4510,Q4511,130,1
4511,Q4512,7,0
4512,Q4513,46,0
4513,Q4514,96,0
4514,Q4515,79,0
4515,Q4516,103,1
4516,Q4517,124,1
4517,Q4518,109,1
4518,Q4519,133,1
4519,Q4520,19,0
4520,Q4521,129,1
4521,Q4522,145,1
4522,Q4523,186,1
4523,Q4524,150,1
4524,Q4525,87,0
4525,Q4526,24,0
4526,Q4527,160,1
4527,Q4528,139,1
4528,Q4529,27,0
4529,Q4530,102,1
4530,Q4531,135,1
4531,Q4532,26,0
4532,Q4533,19,0
4533,Q4534,58,0
4534,Q4535,40,0
4535,Q4536,82,0
4536,Q4537,98,0
4537,Q4538,137,1
4538,Q4539,115,1
4539,Q4540,15,0
4540,Q4541,59,0
4541,Q4542,103,1
4542,Q4543,173,1
4543,Q4544,65,0
4544,Q4545,196,1
4545,Q4546,189,1
4546,Q4547,141,1
4547,Q4548,18,0
4548,Q4549,197,1
4549,Q4550,20,0
4550,Q4551,22,0
4551,Q4552,63,0
4552,Q4553,159,1
4553,Q4554,30,0
4554,Q4555,168,1
4555,Q4556,30,0
4556,Q4557,103,1
4557,Q4558,141,1
4558,Q4559,74,0
4559,Q4560,12,0
4560,Q4561,187,1
4561,Q4562,31,0
4562,Q4563,149,1
4563,Q4564,82,0
4564,Q4565,35,0
4565,Q4566,133,1
4566,Q4567,76,0
4567,Q4568,162,1
4568,Q4569,152,1
4569,Q4570,66,0
4570,Q4571,36,0
4571,Q4572,123,1
4572,Q4573,1,0
4573,Q4574,14,0
4574,Q4575,97,0
4575,Q4576,53,0
4576,Q4577,77,0
4577,Q4578,25,0
4578,Q4579,81,0
4579,Q4580,159,1
4580,Q4581,21,0
4581,Q4582,178,1
4582,Q4583,156,1
4583,Q4584,131,1
4584,Q4585,40,0
4585,Q4586,138,1
4586,Q4587,151,1
4587,Q4588,81,0
4588,Q4589,43,0
4589,Q4590,33,0
4590,Q4591,43,0
4591,Q4592,167,1
4592,Q4593,20,0
4593,Q4594,79,0
4594,Q4595,82,0
4595,Q4596,49,0
4596,Q4597,189,1
4597,Q4598,35,0
4598,Q4599,43,0
4599,Q4600,39,0
4600,Q4601,176,1
4601,Q4602,193,1
4602,Q4603,192,1
4603,Q4604,38,0
4604,Q4605,149,1
4605,Q4606,0,0
4606,Q4607,79,0
4607,Q4608,76,0
4608,Q4609,56,0
4609,Q4610,44,0
4610,Q4611,22,0
4611,Q4612,29,0
4612,Q4613,192,1
4613,Q4614,20,0
4614,Q4615,43,0
4615,Q4616,57,0
4616,Q4617,2,0
4617,Q4618,131,1
4618,Q4619,189,1
4619,Q4620,189,1
4620,Q4621,40,0
4621,Q4622,8,0
4622,Q4623,188,1
4623,Q4624,17,0
4624,Q4625,164,1
4625,Q4626,46,0
4626,Q4627,171,1
4627,Q4628,106,1
4628,Q4629,17,0
4629,Q4630,191,1
4630,Q4631,26,0
4631,Q4632,10,0
4632,Q4633,17,0
4633,Q4634,16,0
4634,Q4635,61,0
4635,Q4636,25,0
4636,Q4637,128,1
4637,Q4638,37,0
4638,Q4639,79,0
4639,Q4640,191,1
4640,Q4641,106,1
4641,Q4642,136,1
4642,Q4643,111,1
4643,Q4644,180,1
4644,Q4645,20,0
4645,Q4646,96,0
4646,Q4647,117,1
4647,Q4648,149,1
4648,Q4649,90,0
4649,Q4650,100,0
4650,Q4651,43,0
4651,Q4652,195,1
4652,Q4653,128,1
4653,Q4654,46,0
4654,Q4655,119,1
4655,Q4656,105,1
4656,Q4657,95,0
4657,Q4658,75,0
4658,Q4659,135,1
4659,Q4660,19,0
4660,Q4661,104,1
4661,Q4662,0,0
4662,Q4663,182,1
4663,Q4664,13,0
4664,Q4665,41,0
4665,Q4666,54,0
4666,Q4667,22,0
4667,Q4668,59,0
4668,Q4669,75,0
4669,Q4670,189,1
4670,Q4671,51,0
4671,Q4672,11,0
4672,Q4673,156,1
4673,Q4674,178,1
4674,Q4675,80,0
4675,Q4676,48,0
4676,Q4677,131,1
4677,Q4678,191,1
4678,Q4679,166,1
4679,Q4680,16,0
4680,Q4681,41,0
4681,Q4682,99,0
4682,Q4683,58,0
4683,Q4684,0,0
4684,Q4685,28,0
4685,Q4686,10,0
4686,Q4687,7,0
4687,Q4688,140,1
4688,Q4689,81,0
4689,Q4690,34,0
4690,Q4691,190,1
4691,Q4692,78,0
4692,Q4693,2,0
4693,Q4694,166,1
4694,Q4695,76,0
4695,Q4696,80,0
4696,Q4697,130,1
4697,Q4698,170,1
4698,Q4699,82,0
4699,Q4700,33,0
4700,Q4701,23,0
4701,Q4702,13,0
4702,Q4703,56,0
4703,Q4704,193,1
4704,Q4705,19,0
4705,Q4706,190,1
4706,Q4707,58,0
4707,Q4708,171,1
4708,Q4709,148,1
4709,Q4710,48,0
4710,Q4711,55,0
4711,Q4712,66,0
4712,Q4713,174,1
4713,Q4714,115,1
4714,Q4715,27,0
4715,Q4716,128,1
4716,Q4717,20,0
4717,Q4718,175,1
4718,Q4719,167,1
4719,Q4720,6,0
4720,Q4721,28,0
4721,Q4722,87,0
4722,Q4723,171,1
4723,Q4724,155,1
4724,Q4725,160,1
4725,Q4726,120,1
4726,Q4727,94,0
4727,Q4728,146,1
4728,Q4729,194,1
4729,Q4730,163,1
4730,Q4731,5,0
4731,Q4732,91,0
4732,Q4733,110,1
4733,Q4734,154,1
4734,Q4735,158,1
4735,Q4736,138,1
4736,Q4737,51,0
4737,Q4738,18,0
4738,Q4739,55,0
4739,Q4740,132,1
4740,Q4741,104,1
4741,Q4742,51,0
4742,Q4743,15,0
4743,Q4744,6,0
4744,Q4745,89,0
4745,Q4746,192,1
4746,Q4747,40,0
4747,Q4748,18,0
4748,Q4749,96,0
4749,Q4750,24,0
4750,Q4751,73,0
4751,Q4752,116,1
4752,Q4753,164,1
4753,Q4754,66,0
4754,Q4755,7,0
4755,Q4756,23,0
4756,Q4757,83,0
4757,Q4758,166,1
4758,Q4759,21,0
4759,Q4760,68,0
4760,Q4761,68,0
4761,Q4762,33,0
4762,Q4763,58,0
4763,Q4764,115,1
4764,Q4765,173,1
4765,Q4766,107,1
4766,Q4767,129,1
4767,Q4768,69,0
4768,Q4769,4,0
4769,Q4770,70,0
4770,Q4771,125,1
4771,Q4772,162,1
4772,Q4773,34,0
4773,Q4774,193,1
4774,Q4775,118,1
4775,Q4776,179,1
4776,Q4777,162,1
4777,Q4778,8,0
4778,Q4779,99,0
4779,Q4780,3,0
4780,Q4781,1,0
4781,Q4782,140,1
4782,Q4783,63,0
4783,Q4784,184,1
4784,Q4785,2,0
4785,Q4786,57,0
4786,Q4787,79,0
4787,Q4788,83,0
4788,Q4789,95,0
4789,Q4790,86,0
4790,Q4791,174,1
4791,Q4792,85,0
4792,Q4793,6,0
4793,Q4794,80,0
4794,Q4795,52,0
4795,Q4796,19,0
4796,Q4797,9,0
4797,Q4798,87,0
4798,Q4799,89,0
4799,Q4800,55,0
4800,Q4801,87,0
4801,Q4802,149,1
4802,Q4803,18,0
4803,Q4804,138,1
4804,Q4805,81,0
4805,Q4806,44,0
4806,Q4807,73,0
4807,Q4808,101,1
4808,Q4809,167,1
4809,Q4810,147,1
4810,Q4811,15,0
4811,Q4812,143,1
4812,Q4813,8,0
4813,Q4814,105,1
4814,Q4815,194,1
4815,Q4816,24,0
4816,Q4817,130,1
4817,Q4818,117,1
4818,Q4819,173,1
4819,Q4820,140,1
4820,Q4821,44,0
4821,Q4822,136,1
4822,Q4823,178,1
4823,Q4824,76,0
4824,Q4825,156,1
4825,Q4826,153,1
4826,Q4827,15,0
4827,Q4828,40,0
4828,Q4829,162,1
4829,Q4830,172,1
4830,Q4831,14,0
4831,Q4832,141,1
4832,Q4833,121,1
4833,Q4834,59,0
4834,Q4835,50,0
4835,Q4836,42,0
4836,Q4837,133,1
4837,Q4838,70,0
4838,Q4839,149,1
4839,Q4840,26,0
4840,Q4841,189,1
4841,Q4842,134,1
4842,Q4843,104,1
4843,Q4844,119,1
4844,Q4845,22,0
4845,Q4846,111,1
4846,Q4847,95,0
4847,Q4848,155,1
4848,Q4849,7,0
4849,Q4850,61,0
4850,Q4851,52,0
4851,Q4852,86,0
4852,Q4853,148,1
4853,Q4854,109,1
4854,Q4855,56,0
4855,Q4856,132,1
4856,Q4857,188,1
4857,Q4858,47,0
4858,Q4859,46,0
4859,Q4860,140,1
4860,Q4861,0,0
4861,Q4862,60,0
4862,Q4863,137,1
4863,Q4864,38,0
4864,Q4865,128,1
4865,Q4866,190,1
4866,Q4867,131,1
4867,Q4868,91,0
4868,Q4869,77,0
4869,Q4870,27,0
4870,Q4871,5,0
4871,Q4872,126,1
4872,Q4873,38,0
4873,Q4874,157,1
4874,Q4875,82,0
4875,Q4876,7,0
4876,Q4877,145,1
4877,Q4878,17,0
4878,Q4879,143,1
4879,Q4880,47,0
4880,Q4881,143,1
4881,Q4882,165,1
4882,Q4883,174,1
4883,Q4884,162,1
4884,Q4885,113,1
4885,Q4886,31,0
4886,Q4887,28,0
4887,Q4888,157,1
4888,Q4889,198,1
4889,Q4890,191,1
4890,Q4891,42,0
4891,Q4892,123,1
4892,Q4893,186,1
4893,Q4894,9,0
4894,Q4895,133,1
4895,Q4896,139,1
4896,Q4897,180,1
4897,Q4898,147,1
4898,Q4899,111,1
4899,Q4900,188,1
4900,Q4901,16,0
4901,Q4902,61,0
4902,Q4903,32,0
4903,Q4904,47,0
4904,Q4905,42,0
4905,Q4906,159,1
4906,Q4907,53,0
4907,Q4908,12,0
4908,Q4909,7,0
4909,Q4910,21,0
4910,Q4911,192,1
4911,Q4912,176,1
4912,Q4913,25,0
4913,Q4914,127,1
4914,Q4915,139,1
4915,Q4916,89,0
4916,Q4917,30,0
4917,Q4918,29,0
4918,Q4919,36,0
4919,Q4920,127,1
4920,Q4921,103,1
4921,Q4922,84,0
4922,Q4923,55,0
4923,Q4924,79,0
4924,Q4925,165,1
4925,Q4926,47,0
4926,Q4927,123,1
4927,Q4928,117,1
4928,Q4929,97,0
4929,Q4930,24,0
4930,Q4931,91,0
4931,Q4932,26,0
4932,Q4933,113,1
4933,Q4934,77,0
4934,Q4935,141,1
4935,Q4936,140,1
4936,Q4937,46,0
4937,Q4938,165,1
4938,Q4939,175,1
4939,Q4940,173,1
4940,Q4941,142,1
4941,Q4942,103,1
4942,Q4943,61,0
4943,Q4944,31,0
4944,Q4945,124,1
4945,Q4946,118,1
4946,Q4947,66,0
4947,Q4948,73,0
4948,Q4949,54,0
4949,Q4950,102,1
4950,Q4951,158,1
4951,Q4952,182,1
4952,Q4953,34,0
4953,Q4954,147,1
4954,Q4955,108,1
4955,Q4956,192,1
4956,Q4957,42,0
4957,Q4958,19,0
4958,Q4959,165,1
4959,Q4960,144,1
4960,Q4961,33,0
4961,Q4962,191,1
4962,Q4963,37,0
4963,Q4964,17,0
4964,Q4965,143,1
4965,Q4966,67,0
4966,Q4967,17,0
4967,Q4968,163,1
4968,Q4969,90,0
4969,Q4970,54,0
4970,Q4971,69,0
4971,Q4972,163,1
4972,Q4973,128,1
4973,Q4974,191,1
4974,Q4975,47,0
4975,Q4976,59,0
4976,Q4977,101,1
4977,Q4978,97,0
4978,Q4979,93,0
4979,Q4980,47,0
4980,Q4981,3,0
4981,Q4982,78,0
4982,Q4983,44,0
4983,Q4984,40,0
4984,Q4985,164,1
4985,Q4986,76,0
4986,Q4987,176,1
4987,Q4988,80,0
4988,Q4989,192,1
4989,Q4990,194,1
4990,Q4991,177,1
4991,Q4992,175,1
4992,Q4993,145,1
4993,Q4994,75,0
4994,Q4995,170,1
4995,Q4996,82,0
4996,Q4997,190,1
4997,Q4998,59,0
4998,Q4999,129,1
4999,Q5000,29,0
